000001.jpg,Green
000002.jpg,Yellow
000003.jpg,Black
000004.jpg,White
000005.jpg,White
000006.jpg,Yellow
000007.jpg,Yellow
000008.jpg,Red
000009.jpg,Tan
000010.jpg,Yellow
000011.jpg,White
000012.jpg,Yellow
000013.jpg,Yellow
000014.jpg,Yellow
000015.jpg,Yellow
000016.jpg,Yellow
000017.jpg,Green
000018.jpg,Silver
000019.jpg,Yellow
000020.jpg,Gray
000021.jpg,Yellow
000022.jpg,Gray
000023.jpg,Red
000024.jpg,Gray
000025.jpg,Yellow
000026.jpg,Black
000027.jpg,Gray
000028.jpg,White
000029.jpg,Black
000030.jpg,Yellow
000031.jpg,Yellow
000032.jpg,Black
000033.jpg,Black
000034.jpg,Orange
000035.jpg,White
000036.jpg,Red
000037.jpg,Tan
000038.jpg,Yellow
000039.jpg,White
000040.jpg,Red
000041.jpg,Red
000042.jpg,Yellow
000043.jpg,Yellow
000044.jpg,Black
000045.jpg,Black
000046.jpg,Black
000047.jpg,Yellow
000048.jpg,Yellow
000049.jpg,White
000050.jpg,White
000051.jpg,Yellow
000052.jpg,Black
000053.jpg,Yellow
000054.jpg,Yellow
000055.jpg,Black
000056.jpg,Green
000057.jpg,Yellow
000058.jpg,White
000059.jpg,White
000060.jpg,Yellow
000061.jpg,White
000062.jpg,White
000063.jpg,Black
000064.jpg,Black
000065.jpg,Black
000066.jpg,Yellow
000067.jpg,Green
000068.jpg,Yellow
000069.jpg,Red
000070.jpg,White
000071.jpg,White
000072.jpg,White
000073.jpg,Red
000074.jpg,Yellow
000075.jpg,Yellow
000076.jpg,White
000077.jpg,Yellow
000078.jpg,Yellow
000079.jpg,Green
000080.jpg,White
000081.jpg,Black
000082.jpg,White
000083.jpg,Yellow
000084.jpg,Yellow
000085.jpg,Yellow
000086.jpg,Tan
000087.jpg,Yellow
000088.jpg,White
000089.jpg,Yellow
000090.jpg,Purple
000091.jpg,Red
000092.jpg,Gray
000093.jpg,Silver
000094.jpg,Silver
000095.jpg,Silver
000096.jpg,Silver
000097.jpg,Silver
000098.jpg,White
000099.jpg,Red
000100.jpg,Blue
000101.jpg,Silver
000102.jpg,Red
000103.jpg,Gray
000104.jpg,Red
000105.jpg,Gray
000106.jpg,Red
000107.jpg,Silver
000108.jpg,Silver
000109.jpg,Silver
000110.jpg,Silver
000111.jpg,Black
000112.jpg,Black
000113.jpg,Silver
000114.jpg,Red
000115.jpg,Black
000116.jpg,Silver
000117.jpg,Black
000118.jpg,Black
000119.jpg,Black
000120.jpg,Gray
000121.jpg,Tan
000122.jpg,Red
000123.jpg,Gray
000124.jpg,Silver
000125.jpg,White
000126.jpg,Silver
000127.jpg,Red
000128.jpg,Gray
000129.jpg,Black
000130.jpg,Silver
000131.jpg,Black
000132.jpg,Gray
000133.jpg,Silver
000134.jpg,Red
000135.jpg,Gray
000136.jpg,Black
000137.jpg,Red
000138.jpg,Silver
000139.jpg,Silver
000140.jpg,Silver
000141.jpg,Gray
000142.jpg,Tan
000143.jpg,Red
000144.jpg,Red
000145.jpg,Red
000146.jpg,Red
000147.jpg,Silver
000148.jpg,Silver
000149.jpg,Red
000150.jpg,Gray
000151.jpg,Black
000152.jpg,Silver
000153.jpg,Silver
000154.jpg,Red
000155.jpg,White
000156.jpg,Purple
000157.jpg,White
000158.jpg,Black
000159.jpg,Black
000160.jpg,White
000161.jpg,Gray
000162.jpg,White
000163.jpg,Gray
000164.jpg,Gray
000165.jpg,Gray
000166.jpg,Silver
000167.jpg,Silver
000168.jpg,Silver
000169.jpg,Silver
000170.jpg,Silver
000171.jpg,Silver
000172.jpg,Gray
000173.jpg,White
000174.jpg,Silver
000175.jpg,Silver
000176.jpg,Silver
000177.jpg,Silver
000178.jpg,Black
000179.jpg,Silver
000180.jpg,Silver
000181.jpg,Silver
000182.jpg,Gray
000183.jpg,Silver
000184.jpg,Black
000185.jpg,Black
000186.jpg,Black
000187.jpg,Silver
000188.jpg,Silver
000189.jpg,Gray
000190.jpg,Silver
000191.jpg,White
000192.jpg,White
000193.jpg,Red
000194.jpg,White
000195.jpg,Silver
000196.jpg,Black
000197.jpg,Silver
000198.jpg,Silver
000199.jpg,White
000200.jpg,Silver
000201.jpg,Gray
000202.jpg,Silver
000203.jpg,Gray
000204.jpg,Black
000205.jpg,Silver
000206.jpg,Silver
000207.jpg,White
000208.jpg,Black
000209.jpg,Red
000210.jpg,Red
000211.jpg,Gray
000212.jpg,White
000213.jpg,Silver
000214.jpg,Black
000215.jpg,Gray
000216.jpg,Silver
000217.jpg,Silver
000218.jpg,Black
000219.jpg,Gray
000220.jpg,Gray
000221.jpg,Silver
000222.jpg,Silver
000223.jpg,Gray
000224.jpg,Silver
000225.jpg,Silver
000226.jpg,Black
000227.jpg,Red
000228.jpg,Silver
000229.jpg,Gray
000230.jpg,Black
000231.jpg,Silver
000232.jpg,Black
000233.jpg,Silver
000234.jpg,Silver
000235.jpg,Silver
000236.jpg,White
000237.jpg,Silver
000238.jpg,Gray
000239.jpg,Gray
000240.jpg,Silver
000241.jpg,Blue
000242.jpg,Red
000243.jpg,Silver
000244.jpg,Silver
000245.jpg,Tan
000246.jpg,Silver
000247.jpg,Black
000248.jpg,Red
000249.jpg,Black
000250.jpg,Black
000251.jpg,Silver
000252.jpg,Blue
000253.jpg,Black
000254.jpg,Black
000255.jpg,Black
000256.jpg,Black
000257.jpg,Gray
000258.jpg,Blue
000259.jpg,Silver
000260.jpg,Blue
000261.jpg,Blue
000262.jpg,Silver
000263.jpg,Red
000264.jpg,Silver
000265.jpg,Black
000266.jpg,Blue
000267.jpg,Black
000268.jpg,Silver
000269.jpg,Silver
000270.jpg,Blue
000271.jpg,Black
000272.jpg,Blue
000273.jpg,Black
000274.jpg,Gray
000275.jpg,Blue
000276.jpg,Silver
000277.jpg,Silver
000278.jpg,Black
000279.jpg,Red
000280.jpg,Gray
000281.jpg,Silver
000282.jpg,White
000283.jpg,Blue
000284.jpg,Black
000285.jpg,Black
000286.jpg,Red
000287.jpg,Silver
000288.jpg,Silver
000289.jpg,White
000290.jpg,Blue
000291.jpg,Blue
000292.jpg,Blue
000293.jpg,Black
000294.jpg,Black
000295.jpg,Silver
000296.jpg,Black
000297.jpg,Blue
000298.jpg,Black
000299.jpg,Tan
000300.jpg,Silver
000301.jpg,Silver
000302.jpg,Blue
000303.jpg,Tan
000304.jpg,Silver
000305.jpg,Black
000306.jpg,Silver
000307.jpg,Silver
000308.jpg,Blue
000309.jpg,Blue
000310.jpg,Black
000311.jpg,Silver
000312.jpg,Black
000313.jpg,Gray
000314.jpg,Black
000315.jpg,Red
000316.jpg,Silver
000317.jpg,Silver
000318.jpg,Black
000319.jpg,Blue
000320.jpg,Silver
000321.jpg,Blue
000322.jpg,Black
000323.jpg,White
000324.jpg,Silver
000325.jpg,Gray
000326.jpg,Brown
000327.jpg,Gray
000328.jpg,Silver
000329.jpg,Blue
000330.jpg,Silver
000331.jpg,White
000332.jpg,Silver
000333.jpg,Silver
000334.jpg,Gray
000335.jpg,White
000336.jpg,Red
000337.jpg,Red
000338.jpg,Gray
000339.jpg,Silver
000340.jpg,Black
000341.jpg,Silver
000342.jpg,Red
000343.jpg,Gray
000344.jpg,White
000345.jpg,Red
000346.jpg,White
000347.jpg,Silver
000348.jpg,Silver
000349.jpg,Gray
000350.jpg,Black
000351.jpg,Red
000352.jpg,Silver
000353.jpg,White
000354.jpg,Red
000355.jpg,Silver
000356.jpg,White
000357.jpg,Silver
000358.jpg,Silver
000359.jpg,Silver
000360.jpg,Silver
000361.jpg,Gray
000362.jpg,Silver
000363.jpg,Tan
000364.jpg,Silver
000365.jpg,White
000366.jpg,Red
000367.jpg,Gray
000368.jpg,Gray
000369.jpg,Silver
000370.jpg,Silver
000371.jpg,Gray
000372.jpg,Gray
000373.jpg,White
000374.jpg,Silver
000375.jpg,Red
000376.jpg,Silver
000377.jpg,Silver
000378.jpg,Red
000379.jpg,Black
000380.jpg,Gray
000381.jpg,Gray
000382.jpg,Red
000383.jpg,Silver
000384.jpg,Silver
000385.jpg,Silver
000386.jpg,White
000387.jpg,Red
000388.jpg,Gray
000389.jpg,Silver
000390.jpg,Red
000391.jpg,Gray
000392.jpg,White
000393.jpg,Silver
000394.jpg,Red
000395.jpg,White
000396.jpg,Silver
000397.jpg,Silver
000398.jpg,White
000399.jpg,Red
000400.jpg,Gray
000401.jpg,Silver
000402.jpg,Silver
000403.jpg,Silver
000404.jpg,Silver
000405.jpg,Yellow
000406.jpg,Black
000407.jpg,Yellow
000408.jpg,Yellow
000409.jpg,White
000410.jpg,Black
000411.jpg,Yellow
000412.jpg,White
000413.jpg,Yellow
000414.jpg,White
000415.jpg,Red
000416.jpg,Yellow
000417.jpg,Yellow
000418.jpg,Yellow
000419.jpg,Brown
000420.jpg,Yellow
000421.jpg,White
000422.jpg,Yellow
000423.jpg,Black
000424.jpg,Yellow
000425.jpg,Yellow
000426.jpg,Yellow
000427.jpg,Yellow
000428.jpg,White
000429.jpg,Yellow
000430.jpg,Yellow
000431.jpg,White
000432.jpg,Yellow
000433.jpg,White
000434.jpg,Yellow
000435.jpg,Black
000436.jpg,Yellow
000437.jpg,White
000438.jpg,Yellow
000439.jpg,White
000440.jpg,Yellow
000441.jpg,Yellow
000442.jpg,Yellow
000443.jpg,Yellow
000444.jpg,Yellow
000445.jpg,Black
000446.jpg,Yellow
000447.jpg,Yellow
000448.jpg,Yellow
000449.jpg,Yellow
000450.jpg,White
000451.jpg,Gray
000452.jpg,White
000453.jpg,Blue
000454.jpg,White
000455.jpg,White
000456.jpg,Yellow
000457.jpg,Yellow
000458.jpg,White
000459.jpg,White
000460.jpg,Yellow
000461.jpg,Yellow
000462.jpg,Yellow
000463.jpg,White
000464.jpg,Yellow
000465.jpg,Black
000466.jpg,White
000467.jpg,White
000468.jpg,Yellow
000469.jpg,White
000470.jpg,Yellow
000471.jpg,Yellow
000472.jpg,Yellow
000473.jpg,White
000474.jpg,White
000475.jpg,White
000476.jpg,Yellow
000477.jpg,White
000478.jpg,Red
000479.jpg,White
000480.jpg,Black
000481.jpg,Yellow
000482.jpg,Yellow
000483.jpg,Yellow
000484.jpg,Yellow
000485.jpg,White
000486.jpg,Yellow
000487.jpg,Yellow
000488.jpg,White
000489.jpg,White
000490.jpg,Yellow
000491.jpg,Red
000492.jpg,White
000493.jpg,Yellow
000494.jpg,White
000495.jpg,White
000496.jpg,Silver
000497.jpg,Red
000498.jpg,Black
000499.jpg,Gray
000500.jpg,Black
000501.jpg,Silver
000502.jpg,Gray
000503.jpg,Black
000504.jpg,Silver
000505.jpg,Brown
000506.jpg,Black
000507.jpg,Silver
000508.jpg,Silver
000509.jpg,Brown
000510.jpg,Brown
000511.jpg,Silver
000512.jpg,Black
000513.jpg,Gray
000514.jpg,Silver
000515.jpg,Black
000516.jpg,White
000517.jpg,Silver
000518.jpg,Silver
000519.jpg,Silver
000520.jpg,Silver
000521.jpg,Black
000522.jpg,Silver
000523.jpg,Brown
000524.jpg,Silver
000525.jpg,White
000526.jpg,Silver
000527.jpg,Brown
000528.jpg,White
000529.jpg,Black
000530.jpg,Tan
000531.jpg,Silver
000532.jpg,Brown
000533.jpg,Gray
000534.jpg,Silver
000535.jpg,Black
000536.jpg,Silver
000537.jpg,Silver
000538.jpg,Brown
000539.jpg,Silver
000540.jpg,Brown
000541.jpg,White
000542.jpg,Gray
000543.jpg,Gray
000544.jpg,Brown
000545.jpg,Silver
000546.jpg,Tan
000547.jpg,Silver
000548.jpg,Black
000549.jpg,White
000550.jpg,Blue
000551.jpg,Tan
000552.jpg,White
000553.jpg,White
000554.jpg,Silver
000555.jpg,Silver
000556.jpg,Silver
000557.jpg,Silver
000558.jpg,Black
000559.jpg,Silver
000560.jpg,White
000561.jpg,Silver
000562.jpg,Black
000563.jpg,Silver
000564.jpg,Silver
000565.jpg,Silver
000566.jpg,Silver
000567.jpg,Silver
000568.jpg,Silver
000569.jpg,Black
000570.jpg,Brown
000571.jpg,Silver
000572.jpg,White
000573.jpg,Silver
000574.jpg,Green
000575.jpg,Red
000576.jpg,Green
000577.jpg,White
000578.jpg,White
000579.jpg,Green
000580.jpg,White
000581.jpg,Black
000582.jpg,White
000583.jpg,Black
000584.jpg,Blue
000585.jpg,White
000586.jpg,White
000587.jpg,White
000588.jpg,White
000589.jpg,White
000590.jpg,Red
000591.jpg,Red
000592.jpg,White
000593.jpg,Yellow
000594.jpg,Black
000595.jpg,Blue
000596.jpg,Yellow
000597.jpg,Purple
000598.jpg,Silver
000599.jpg,Purple
000600.jpg,White
000601.jpg,Purple
000602.jpg,Purple
000603.jpg,Purple
000604.jpg,Blue
000605.jpg,Purple
000606.jpg,Red
000607.jpg,Black
000608.jpg,Green
000609.jpg,Blue
000610.jpg,Red
000611.jpg,Silver
000612.jpg,Silver
000613.jpg,Silver
000614.jpg,Green
000615.jpg,Purple
000616.jpg,Silver
000617.jpg,Black
000618.jpg,Gray
000619.jpg,Blue
000620.jpg,Blue
000621.jpg,White
000622.jpg,Green
000623.jpg,Silver
000624.jpg,Black
000625.jpg,Gray
000626.jpg,Silver
000627.jpg,White
000628.jpg,Red
000629.jpg,White
000630.jpg,Silver
000631.jpg,Black
000632.jpg,Purple
000633.jpg,Purple
000634.jpg,White
000635.jpg,Silver
000636.jpg,Silver
000637.jpg,Silver
000638.jpg,White
000639.jpg,Silver
000640.jpg,Red
000641.jpg,White
000642.jpg,Black
000643.jpg,White
000644.jpg,Purple
000645.jpg,Black
000646.jpg,Silver
000647.jpg,White
000648.jpg,Silver
000649.jpg,Black
000650.jpg,Yellow
000651.jpg,Black
000652.jpg,Black
000653.jpg,Gray
000654.jpg,Green
000655.jpg,Blue
000656.jpg,Black
000657.jpg,Black
000658.jpg,White
000659.jpg,White
000660.jpg,Black
000661.jpg,White
000662.jpg,Blue
000663.jpg,Red
000664.jpg,Gray
000665.jpg,Silver
000666.jpg,White
000667.jpg,Tan
000668.jpg,Silver
000669.jpg,Black
000670.jpg,Blue
000671.jpg,Red
000672.jpg,Red
000673.jpg,Green
000674.jpg,Blue
000675.jpg,Black
000676.jpg,Silver
000677.jpg,Silver
000678.jpg,Silver
000679.jpg,Orange
000680.jpg,White
000681.jpg,White
000682.jpg,Black
000683.jpg,White
000684.jpg,Yellow
000685.jpg,White
000686.jpg,White
000687.jpg,Yellow
000688.jpg,Gray
000689.jpg,White
000690.jpg,White
000691.jpg,Blue
000692.jpg,Red
000693.jpg,Green
000694.jpg,Blue
000695.jpg,Red
000696.jpg,White
000697.jpg,Blue
000698.jpg,Silver
000699.jpg,Gray
000700.jpg,Blue
000701.jpg,Black
000702.jpg,White
000703.jpg,Silver
000704.jpg,White
000705.jpg,Silver
000706.jpg,Blue
000707.jpg,Silver
000708.jpg,Black
000709.jpg,Red
000710.jpg,Gray
000711.jpg,Black
000712.jpg,Silver
000713.jpg,Red
000714.jpg,Yellow
000715.jpg,Orange
000716.jpg,Gray
000717.jpg,Silver
000718.jpg,Black
000719.jpg,Silver
000720.jpg,Red
000721.jpg,Black
000722.jpg,Red
000723.jpg,Red
000724.jpg,Blue
000725.jpg,Blue
000726.jpg,Gray
000727.jpg,Red
000728.jpg,Blue
000729.jpg,Green
000730.jpg,Gray
000731.jpg,White
000732.jpg,Black
000733.jpg,White
000734.jpg,Orange
000735.jpg,Blue
000736.jpg,White
000737.jpg,Red
000738.jpg,Blue
000739.jpg,Blue
000740.jpg,Gray
000741.jpg,Blue
000742.jpg,Gray
000743.jpg,Orange
000744.jpg,White
000745.jpg,Silver
000746.jpg,Gray
000747.jpg,Gray
000748.jpg,Silver
000749.jpg,Silver
000750.jpg,Silver
000751.jpg,White
000752.jpg,Silver
000753.jpg,Silver
000754.jpg,White
000755.jpg,Black
000756.jpg,Silver
000757.jpg,Gray
000758.jpg,Purple
000759.jpg,Black
000760.jpg,Silver
000761.jpg,Silver
000762.jpg,Black
000763.jpg,Silver
000764.jpg,Silver
000765.jpg,Silver
000766.jpg,Silver
000767.jpg,Gray
000768.jpg,Silver
000769.jpg,Silver
000770.jpg,Silver
000771.jpg,Silver
000772.jpg,Silver
000773.jpg,Gray
000774.jpg,Gray
000775.jpg,Silver
000776.jpg,Silver
000777.jpg,Black
000778.jpg,Silver
000779.jpg,Silver
000780.jpg,Black
000781.jpg,White
000782.jpg,Gray
000783.jpg,White
000784.jpg,White
000785.jpg,Gray
000786.jpg,White
000787.jpg,Black
000788.jpg,White
000789.jpg,Tan
000790.jpg,Silver
000791.jpg,Black
000792.jpg,Tan
000793.jpg,White
000794.jpg,Gray
000795.jpg,White
000796.jpg,Silver
000797.jpg,Gray
000798.jpg,Black
000799.jpg,Black
000800.jpg,Silver
000801.jpg,Gray
000802.jpg,Silver
000803.jpg,Silver
000804.jpg,Silver
000805.jpg,Black
000806.jpg,Silver
000807.jpg,Silver
000808.jpg,Silver
000809.jpg,White
000810.jpg,Orange
000811.jpg,Orange
000812.jpg,Orange
000813.jpg,Orange
000814.jpg,Orange
000815.jpg,Orange
000816.jpg,Orange
000817.jpg,Orange
000818.jpg,Orange
000819.jpg,Orange
000820.jpg,Silver
000821.jpg,Orange
000822.jpg,Tan
000823.jpg,Orange
000824.jpg,Silver
000825.jpg,Orange
000826.jpg,Orange
000827.jpg,Orange
000828.jpg,Orange
000829.jpg,Black
000830.jpg,Orange
000831.jpg,Orange
000832.jpg,Orange
000833.jpg,Orange
000834.jpg,Orange
000835.jpg,Orange
000836.jpg,Orange
000837.jpg,Orange
000838.jpg,Orange
000839.jpg,Orange
000840.jpg,Orange
000841.jpg,Orange
000842.jpg,Orange
000843.jpg,Orange
000844.jpg,Orange
000845.jpg,Orange
000846.jpg,Orange
000847.jpg,Orange
000848.jpg,Orange
000849.jpg,Orange
000850.jpg,Orange
000851.jpg,Orange
000852.jpg,Orange
000853.jpg,Orange
000854.jpg,Orange
000855.jpg,Orange
000856.jpg,Orange
000857.jpg,Orange
000858.jpg,Orange
000859.jpg,Orange
000860.jpg,White
000861.jpg,Orange
000862.jpg,Orange
000863.jpg,Silver
000864.jpg,Orange
000865.jpg,Orange
000866.jpg,Orange
000867.jpg,Orange
000868.jpg,Orange
000869.jpg,Orange
000870.jpg,Orange
000871.jpg,Orange
000872.jpg,Orange
000873.jpg,Orange
000874.jpg,Orange
000875.jpg,Orange
000876.jpg,Gray
000877.jpg,White
000878.jpg,Orange
000879.jpg,Orange
000880.jpg,Tan
000881.jpg,Orange
000882.jpg,Tan
000883.jpg,Orange
000884.jpg,Orange
000885.jpg,Orange
000886.jpg,Yellow
000887.jpg,Black
000888.jpg,Black
000889.jpg,Yellow
000890.jpg,Blue
000891.jpg,Black
000892.jpg,Black
000893.jpg,Silver
000894.jpg,Blue
000895.jpg,Silver
000896.jpg,Yellow
000897.jpg,Yellow
000898.jpg,Yellow
000899.jpg,Black
000900.jpg,Black
000901.jpg,Yellow
000902.jpg,Yellow
000903.jpg,Black
000904.jpg,Black
000905.jpg,Blue
000906.jpg,Black
000907.jpg,Black
000908.jpg,Blue
000909.jpg,Blue
000910.jpg,Blue
000911.jpg,Blue
000912.jpg,Yellow
000913.jpg,Silver
000914.jpg,Silver
000915.jpg,Black
000916.jpg,Blue
000917.jpg,Yellow
000918.jpg,Black
000919.jpg,Purple
000920.jpg,Blue
000921.jpg,Black
000922.jpg,Black
000923.jpg,Yellow
000924.jpg,Blue
000925.jpg,Blue
000926.jpg,Yellow
000927.jpg,Yellow
000928.jpg,Black
000929.jpg,Yellow
000930.jpg,Silver
000931.jpg,Red
000932.jpg,Black
000933.jpg,White
000934.jpg,Black
000935.jpg,Black
000936.jpg,Purple
000937.jpg,Red
000938.jpg,Red
000939.jpg,Yellow
000940.jpg,White
000941.jpg,Yellow
000942.jpg,Blue
000943.jpg,Blue
000944.jpg,Blue
000945.jpg,Yellow
000946.jpg,Blue
000947.jpg,Black
000948.jpg,White
000949.jpg,Black
000950.jpg,Yellow
000951.jpg,Black
000952.jpg,Yellow
000953.jpg,Black
000954.jpg,Yellow
000955.jpg,Blue
000956.jpg,Yellow
000957.jpg,Yellow
000958.jpg,Yellow
000959.jpg,White
000960.jpg,Gray
000961.jpg,Silver
000962.jpg,Silver
000963.jpg,Gray
000964.jpg,Black
000965.jpg,Gray
000966.jpg,White
000967.jpg,Silver
000968.jpg,Red
000969.jpg,Silver
000970.jpg,Silver
000971.jpg,Silver
000972.jpg,White
000973.jpg,Silver
000974.jpg,White
000975.jpg,Blue
000976.jpg,Silver
000977.jpg,Blue
000978.jpg,Silver
000979.jpg,White
000980.jpg,Black
000981.jpg,Black
000982.jpg,White
000983.jpg,Black
000984.jpg,Black
000985.jpg,Red
000986.jpg,Silver
000987.jpg,Black
000988.jpg,Black
000989.jpg,White
000990.jpg,Silver
000991.jpg,Silver
000992.jpg,Silver
000993.jpg,Red
000994.jpg,Silver
000995.jpg,Red
000996.jpg,Silver
000997.jpg,White
000998.jpg,White
000999.jpg,Silver
001000.jpg,Black
001001.jpg,Silver
001002.jpg,Red
001003.jpg,Silver
001004.jpg,White
001005.jpg,Blue
001006.jpg,Silver
001007.jpg,Silver
001008.jpg,White
001009.jpg,White
001010.jpg,Blue
001011.jpg,Gray
001012.jpg,Black
001013.jpg,White
001014.jpg,Gray
001015.jpg,White
001016.jpg,Silver
001017.jpg,Silver
001018.jpg,Tan
001019.jpg,Silver
001020.jpg,Silver
001021.jpg,White
001022.jpg,White
001023.jpg,Silver
001024.jpg,Black
001025.jpg,Black
001026.jpg,Silver
001027.jpg,Gray
001028.jpg,Black
001029.jpg,Silver
001030.jpg,White
001031.jpg,White
001032.jpg,White
001033.jpg,Gray
001034.jpg,Black
001035.jpg,Silver
001036.jpg,Blue
001037.jpg,White
001038.jpg,Gray
001039.jpg,Gray
001040.jpg,White
001041.jpg,Black
001042.jpg,Silver
001043.jpg,Black
001044.jpg,Gray
001045.jpg,Black
001046.jpg,Black
001047.jpg,Black
001048.jpg,Gray
001049.jpg,Silver
001050.jpg,Silver
001051.jpg,Black
001052.jpg,White
001053.jpg,Black
001054.jpg,Silver
001055.jpg,Black
001056.jpg,White
001057.jpg,Black
001058.jpg,Purple
001059.jpg,Red
001060.jpg,Gray
001061.jpg,Blue
001062.jpg,White
001063.jpg,Black
001064.jpg,Blue
001065.jpg,Silver
001066.jpg,Blue
001067.jpg,Black
001068.jpg,Purple
001069.jpg,Black
001070.jpg,Blue
001071.jpg,Tan
001072.jpg,Silver
001073.jpg,White
001074.jpg,Red
001075.jpg,White
001076.jpg,White
001077.jpg,Black
001078.jpg,Gray
001079.jpg,Black
001080.jpg,White
001081.jpg,Red
001082.jpg,Black
001083.jpg,Black
001084.jpg,Blue
001085.jpg,Black
001086.jpg,Black
001087.jpg,Black
001088.jpg,Gray
001089.jpg,Black
001090.jpg,Silver
001091.jpg,Black
001092.jpg,Black
001093.jpg,White
001094.jpg,White
001095.jpg,Black
001096.jpg,White
001097.jpg,Black
001098.jpg,White
001099.jpg,Red
001100.jpg,Black
001101.jpg,White
001102.jpg,Orange
001103.jpg,White
001104.jpg,Black
001105.jpg,Gray
001106.jpg,White
001107.jpg,Black
001108.jpg,Black
001109.jpg,Black
001110.jpg,Silver
001111.jpg,Orange
001112.jpg,Black
001113.jpg,Yellow
001114.jpg,Black
001115.jpg,Black
001116.jpg,Black
001117.jpg,White
001118.jpg,Brown
001119.jpg,Black
001120.jpg,White
001121.jpg,Orange
001122.jpg,White
001123.jpg,Brown
001124.jpg,Black
001125.jpg,White
001126.jpg,Black
001127.jpg,Gray
001128.jpg,Silver
001129.jpg,Black
001130.jpg,White
001131.jpg,Black
001132.jpg,White
001133.jpg,Red
001134.jpg,Black
001135.jpg,White
001136.jpg,Silver
001137.jpg,Blue
001138.jpg,White
001139.jpg,Black
001140.jpg,Gray
001141.jpg,Silver
001142.jpg,Red
001143.jpg,Orange
001144.jpg,White
001145.jpg,Red
001146.jpg,White
001147.jpg,Silver
001148.jpg,Blue
001149.jpg,White
001150.jpg,Black
001151.jpg,White
001152.jpg,Black
001153.jpg,Red
001154.jpg,White
001155.jpg,White
001156.jpg,White
001157.jpg,Orange
001158.jpg,Red
001159.jpg,White
001160.jpg,White
001161.jpg,White
001162.jpg,Blue
001163.jpg,Gray
001164.jpg,White
001165.jpg,Black
001166.jpg,Silver
001167.jpg,Silver
001168.jpg,White
001169.jpg,Gray
001170.jpg,White
001171.jpg,Gray
001172.jpg,Red
001173.jpg,Silver
001174.jpg,Black
001175.jpg,White
001176.jpg,Black
001177.jpg,White
001178.jpg,Gray
001179.jpg,Silver
001180.jpg,Blue
001181.jpg,White
001182.jpg,Orange
001183.jpg,White
001184.jpg,Blue
001185.jpg,Silver
001186.jpg,Black
001187.jpg,Silver
001188.jpg,Black
001189.jpg,White
001190.jpg,Black
001191.jpg,White
001192.jpg,White
001193.jpg,Silver
001194.jpg,White
001195.jpg,Gray
001196.jpg,White
001197.jpg,Blue
001198.jpg,White
001199.jpg,White
001200.jpg,Silver
001201.jpg,Red
001202.jpg,Blue
001203.jpg,Silver
001204.jpg,White
001205.jpg,White
001206.jpg,Black
001207.jpg,Silver
001208.jpg,Blue
001209.jpg,Silver
001210.jpg,Red
001211.jpg,White
001212.jpg,Black
001213.jpg,White
001214.jpg,Purple
001215.jpg,Black
001216.jpg,Silver
001217.jpg,Purple
001218.jpg,Black
001219.jpg,Black
001220.jpg,Black
001221.jpg,Black
001222.jpg,Black
001223.jpg,Black
001224.jpg,Black
001225.jpg,Silver
001226.jpg,Tan
001227.jpg,Black
001228.jpg,Black
001229.jpg,Silver
001230.jpg,White
001231.jpg,Tan
001232.jpg,White
001233.jpg,Tan
001234.jpg,Black
001235.jpg,Black
001236.jpg,White
001237.jpg,Red
001238.jpg,Purple
001239.jpg,White
001240.jpg,White
001241.jpg,White
001242.jpg,Black
001243.jpg,Silver
001244.jpg,Purple
001245.jpg,White
001246.jpg,White
001247.jpg,Silver
001248.jpg,Silver
001249.jpg,Gray
001250.jpg,Silver
001251.jpg,Black
001252.jpg,Purple
001253.jpg,Black
001254.jpg,Purple
001255.jpg,Purple
001256.jpg,Silver
001257.jpg,Gray
001258.jpg,Gray
001259.jpg,Gray
001260.jpg,Red
001261.jpg,Purple
001262.jpg,White
001263.jpg,White
001264.jpg,Black
001265.jpg,White
001266.jpg,Black
001267.jpg,White
001268.jpg,Red
001269.jpg,White
001270.jpg,Black
001271.jpg,Red
001272.jpg,Brown
001273.jpg,White
001274.jpg,Gray
001275.jpg,Purple
001276.jpg,Silver
001277.jpg,White
001278.jpg,Silver
001279.jpg,Gray
001280.jpg,Silver
001281.jpg,Gray
001282.jpg,Blue
001283.jpg,Black
001284.jpg,Silver
001285.jpg,Purple
001286.jpg,Gray
001287.jpg,White
001288.jpg,Purple
001289.jpg,Red
001290.jpg,White
001291.jpg,White
001292.jpg,Black
001293.jpg,Silver
001294.jpg,White
001295.jpg,White
001296.jpg,Silver
001297.jpg,Black
001298.jpg,White
001299.jpg,Red
001300.jpg,Blue
001301.jpg,White
001302.jpg,Gray
001303.jpg,Black
001304.jpg,White
001305.jpg,White
001306.jpg,Silver
001307.jpg,White
001308.jpg,White
001309.jpg,Blue
001310.jpg,Gray
001311.jpg,White
001312.jpg,Gray
001313.jpg,Blue
001314.jpg,Black
001315.jpg,White
001316.jpg,Purple
001317.jpg,Black
001318.jpg,Blue
001319.jpg,White
001320.jpg,Red
001321.jpg,Purple
001322.jpg,White
001323.jpg,Tan
001324.jpg,Silver
001325.jpg,Red
001326.jpg,White
001327.jpg,Black
001328.jpg,Purple
001329.jpg,Purple
001330.jpg,Tan
001331.jpg,Tan
001332.jpg,White
001333.jpg,White
001334.jpg,White
001335.jpg,Red
001336.jpg,White
001337.jpg,Blue
001338.jpg,White
001339.jpg,Black
001340.jpg,Silver
001341.jpg,Red
001342.jpg,Silver
001343.jpg,White
001344.jpg,Red
001345.jpg,Blue
001346.jpg,Blue
001347.jpg,Gray
001348.jpg,White
001349.jpg,Silver
001350.jpg,Silver
001351.jpg,Purple
001352.jpg,Gray
001353.jpg,Black
001354.jpg,White
001355.jpg,Tan
001356.jpg,White
001357.jpg,Purple
001358.jpg,Red
001359.jpg,Black
001360.jpg,Silver
001361.jpg,Silver
001362.jpg,White
001363.jpg,Silver
001364.jpg,Silver
001365.jpg,Purple
001366.jpg,White
001367.jpg,Silver
001368.jpg,White
001369.jpg,White
001370.jpg,Gray
001371.jpg,Black
001372.jpg,Silver
001373.jpg,Silver
001374.jpg,White
001375.jpg,White
001376.jpg,White
001377.jpg,White
001378.jpg,Black
001379.jpg,Black
001380.jpg,Silver
001381.jpg,White
001382.jpg,Silver
001383.jpg,Blue
001384.jpg,Red
001385.jpg,Gray
001386.jpg,Tan
001387.jpg,Purple
001388.jpg,Black
001389.jpg,Black
001390.jpg,White
001391.jpg,Gray
001392.jpg,Black
001393.jpg,Silver
001394.jpg,Silver
001395.jpg,Red
001396.jpg,Black
001397.jpg,Silver
001398.jpg,Black
001399.jpg,Blue
001400.jpg,Red
001401.jpg,Silver
001402.jpg,Red
001403.jpg,Gray
001404.jpg,Red
001405.jpg,Silver
001406.jpg,Blue
001407.jpg,White
001408.jpg,Black
001409.jpg,Silver
001410.jpg,Black
001411.jpg,Black
001412.jpg,Silver
001413.jpg,Blue
001414.jpg,Black
001415.jpg,Silver
001416.jpg,Black
001417.jpg,Silver
001418.jpg,Black
001419.jpg,Black
001420.jpg,Green
001421.jpg,Red
001422.jpg,Silver
001423.jpg,Black
001424.jpg,White
001425.jpg,Silver
001426.jpg,Silver
001427.jpg,Purple
001428.jpg,Black
001429.jpg,Purple
001430.jpg,White
001431.jpg,Purple
001432.jpg,Purple
001433.jpg,Purple
001434.jpg,Gray
001435.jpg,White
001436.jpg,Silver
001437.jpg,Gray
001438.jpg,Blue
001439.jpg,Silver
001440.jpg,Blue
001441.jpg,Blue
001442.jpg,Black
001443.jpg,Silver
001444.jpg,Silver
001445.jpg,Black
001446.jpg,Black
001447.jpg,Black
001448.jpg,Tan
001449.jpg,Silver
001450.jpg,Red
001451.jpg,Purple
001452.jpg,Blue
001453.jpg,Silver
001454.jpg,Silver
001455.jpg,Black
001456.jpg,Black
001457.jpg,Gray
001458.jpg,Black
001459.jpg,Silver
001460.jpg,Gray
001461.jpg,Silver
001462.jpg,White
001463.jpg,Silver
001464.jpg,Gray
001465.jpg,White
001466.jpg,Silver
001467.jpg,Red
001468.jpg,Red
001469.jpg,Silver
001470.jpg,Red
001471.jpg,White
001472.jpg,Black
001473.jpg,Blue
001474.jpg,Silver
001475.jpg,White
001476.jpg,Red
001477.jpg,White
001478.jpg,Tan
001479.jpg,Silver
001480.jpg,Purple
001481.jpg,White
001482.jpg,Red
001483.jpg,Red
001484.jpg,White
001485.jpg,Black
001486.jpg,Gray
001487.jpg,Red
001488.jpg,White
001489.jpg,Red
001490.jpg,White
001491.jpg,Silver
001492.jpg,White
001493.jpg,White
001494.jpg,Black
001495.jpg,White
001496.jpg,White
001497.jpg,Gray
001498.jpg,Gray
001499.jpg,Silver
001500.jpg,White
001501.jpg,Gray
001502.jpg,Blue
001503.jpg,Black
001504.jpg,Orange
001505.jpg,Blue
001506.jpg,White
001507.jpg,Silver
001508.jpg,White
001509.jpg,Silver
001510.jpg,White
001511.jpg,Silver
001512.jpg,Blue
001513.jpg,Gray
001514.jpg,Silver
001515.jpg,Silver
001516.jpg,Black
001517.jpg,Silver
001518.jpg,Gray
001519.jpg,Silver
001520.jpg,Black
001521.jpg,Blue
001522.jpg,Gray
001523.jpg,White
001524.jpg,Silver
001525.jpg,Red
001526.jpg,Red
001527.jpg,Silver
001528.jpg,White
001529.jpg,White
001530.jpg,White
001531.jpg,Silver
001532.jpg,Red
001533.jpg,Silver
001534.jpg,Blue
001535.jpg,Blue
001536.jpg,Red
001537.jpg,Red
001538.jpg,Silver
001539.jpg,White
001540.jpg,Red
001541.jpg,Black
001542.jpg,White
001543.jpg,Red
001544.jpg,Silver
001545.jpg,Silver
001546.jpg,Blue
001547.jpg,Blue
001548.jpg,Tan
001549.jpg,Black
001550.jpg,Black
001551.jpg,Black
001552.jpg,White
001553.jpg,Silver
001554.jpg,Silver
001555.jpg,Silver
001556.jpg,Blue
001557.jpg,Black
001558.jpg,Silver
001559.jpg,Black
001560.jpg,Silver
001561.jpg,White
001562.jpg,Tan
001563.jpg,Red
001564.jpg,Black
001565.jpg,Black
001566.jpg,White
001567.jpg,Silver
001568.jpg,Blue
001569.jpg,White
001570.jpg,Blue
001571.jpg,Silver
001572.jpg,Silver
001573.jpg,Red
001574.jpg,Silver
001575.jpg,Silver
001576.jpg,Black
001577.jpg,Purple
001578.jpg,Blue
001579.jpg,Blue
001580.jpg,Blue
001581.jpg,Gray
001582.jpg,Silver
001583.jpg,Purple
001584.jpg,White
001585.jpg,Black
001586.jpg,Black
001587.jpg,White
001588.jpg,Silver
001589.jpg,White
001590.jpg,Black
001591.jpg,Black
001592.jpg,Gray
001593.jpg,White
001594.jpg,Black
001595.jpg,Black
001596.jpg,White
001597.jpg,Blue
001598.jpg,Black
001599.jpg,Black
001600.jpg,Silver
001601.jpg,Gray
001602.jpg,Black
001603.jpg,Blue
001604.jpg,Silver
001605.jpg,Blue
001606.jpg,Blue
001607.jpg,Blue
001608.jpg,White
001609.jpg,Silver
001610.jpg,Silver
001611.jpg,Silver
001612.jpg,Black
001613.jpg,Silver
001614.jpg,Black
001615.jpg,Silver
001616.jpg,Silver
001617.jpg,Silver
001618.jpg,Silver
001619.jpg,Silver
001620.jpg,White
001621.jpg,Blue
001622.jpg,Silver
001623.jpg,Gray
001624.jpg,Silver
001625.jpg,Blue
001626.jpg,Blue
001627.jpg,Silver
001628.jpg,Silver
001629.jpg,Gray
001630.jpg,White
001631.jpg,Silver
001632.jpg,White
001633.jpg,Silver
001634.jpg,Black
001635.jpg,Silver
001636.jpg,Red
001637.jpg,Black
001638.jpg,Blue
001639.jpg,Red
001640.jpg,Blue
001641.jpg,Blue
001642.jpg,Blue
001643.jpg,Red
001644.jpg,Red
001645.jpg,Red
001646.jpg,Black
001647.jpg,Blue
001648.jpg,White
001649.jpg,Blue
001650.jpg,White
001651.jpg,Silver
001652.jpg,Blue
001653.jpg,Black
001654.jpg,Black
001655.jpg,Black
001656.jpg,Blue
001657.jpg,Blue
001658.jpg,Blue
001659.jpg,Silver
001660.jpg,Blue
001661.jpg,White
001662.jpg,Blue
001663.jpg,Blue
001664.jpg,Silver
001665.jpg,Blue
001666.jpg,Red
001667.jpg,Black
001668.jpg,Gray
001669.jpg,Blue
001670.jpg,Gray
001671.jpg,White
001672.jpg,Blue
001673.jpg,Blue
001674.jpg,Blue
001675.jpg,Blue
001676.jpg,Blue
001677.jpg,Silver
001678.jpg,White
001679.jpg,Black
001680.jpg,White
001681.jpg,Red
001682.jpg,Silver
001683.jpg,White
001684.jpg,Blue
001685.jpg,Blue
001686.jpg,Blue
001687.jpg,Black
001688.jpg,Blue
001689.jpg,White
001690.jpg,White
001691.jpg,Blue
001692.jpg,Red
001693.jpg,Blue
001694.jpg,White
001695.jpg,White
001696.jpg,Silver
001697.jpg,Blue
001698.jpg,Black
001699.jpg,Silver
001700.jpg,White
001701.jpg,Black
001702.jpg,White
001703.jpg,White
001704.jpg,Silver
001705.jpg,Red
001706.jpg,Pink
001707.jpg,Black
001708.jpg,White
001709.jpg,Blue
001710.jpg,Blue
001711.jpg,Blue
001712.jpg,Black
001713.jpg,Black
001714.jpg,Blue
001715.jpg,White
001716.jpg,Tan
001717.jpg,Red
001718.jpg,Blue
001719.jpg,White
001720.jpg,Blue
001721.jpg,Gray
001722.jpg,Black
001723.jpg,Tan
001724.jpg,Black
001725.jpg,Silver
001726.jpg,Silver
001727.jpg,Red
001728.jpg,Silver
001729.jpg,White
001730.jpg,Silver
001731.jpg,White
001732.jpg,Black
001733.jpg,Purple
001734.jpg,Tan
001735.jpg,Tan
001736.jpg,Gray
001737.jpg,Black
001738.jpg,Red
001739.jpg,Black
001740.jpg,Gray
001741.jpg,Silver
001742.jpg,Black
001743.jpg,Blue
001744.jpg,Black
001745.jpg,Black
001746.jpg,Silver
001747.jpg,Silver
001748.jpg,Gray
001749.jpg,Black
001750.jpg,Blue
001751.jpg,Black
001752.jpg,White
001753.jpg,White
001754.jpg,Gray
001755.jpg,Red
001756.jpg,Tan
001757.jpg,Gray
001758.jpg,Gray
001759.jpg,Gray
001760.jpg,Gray
001761.jpg,Green
001762.jpg,Silver
001763.jpg,White
001764.jpg,White
001765.jpg,Silver
001766.jpg,Silver
001767.jpg,Gray
001768.jpg,Red
001769.jpg,Silver
001770.jpg,Gray
001771.jpg,Gray
001772.jpg,Silver
001773.jpg,Silver
001774.jpg,Silver
001775.jpg,Silver
001776.jpg,Gray
001777.jpg,White
001778.jpg,Silver
001779.jpg,Blue
001780.jpg,Blue
001781.jpg,Red
001782.jpg,White
001783.jpg,White
001784.jpg,Black
001785.jpg,White
001786.jpg,Red
001787.jpg,Black
001788.jpg,Gray
001789.jpg,Silver
001790.jpg,Silver
001791.jpg,Silver
001792.jpg,Black
001793.jpg,Black
001794.jpg,Gray
001795.jpg,Gray
001796.jpg,Tan
001797.jpg,Gray
001798.jpg,White
001799.jpg,White
001800.jpg,Gray
001801.jpg,Black
001802.jpg,Silver
001803.jpg,Blue
001804.jpg,Silver
001805.jpg,Purple
001806.jpg,Black
001807.jpg,White
001808.jpg,Black
001809.jpg,Black
001810.jpg,Red
001811.jpg,White
001812.jpg,White
001813.jpg,Gray
001814.jpg,Red
001815.jpg,White
001816.jpg,White
001817.jpg,Blue
001818.jpg,Black
001819.jpg,Silver
001820.jpg,Red
001821.jpg,White
001822.jpg,Red
001823.jpg,Yellow
001824.jpg,Red
001825.jpg,Gray
001826.jpg,Red
001827.jpg,Red
001828.jpg,Red
001829.jpg,Silver
001830.jpg,White
001831.jpg,Gray
001832.jpg,Red
001833.jpg,Silver
001834.jpg,Black
001835.jpg,Blue
001836.jpg,White
001837.jpg,White
001838.jpg,Black
001839.jpg,Silver
001840.jpg,White
001841.jpg,Silver
001842.jpg,Red
001843.jpg,Blue
001844.jpg,White
001845.jpg,White
001846.jpg,Black
001847.jpg,Gray
001848.jpg,Silver
001849.jpg,Black
001850.jpg,Red
001851.jpg,Blue
001852.jpg,Red
001853.jpg,White
001854.jpg,White
001855.jpg,White
001856.jpg,Blue
001857.jpg,Red
001858.jpg,White
001859.jpg,Yellow
001860.jpg,Black
001861.jpg,Gray
001862.jpg,Gray
001863.jpg,White
001864.jpg,Black
001865.jpg,Red
001866.jpg,Blue
001867.jpg,White
001868.jpg,White
001869.jpg,Blue
001870.jpg,Red
001871.jpg,Yellow
001872.jpg,Red
001873.jpg,Tan
001874.jpg,White
001875.jpg,Silver
001876.jpg,Black
001877.jpg,Red
001878.jpg,Gray
001879.jpg,White
001880.jpg,White
001881.jpg,Red
001882.jpg,Yellow
001883.jpg,Black
001884.jpg,Black
001885.jpg,Gray
001886.jpg,Silver
001887.jpg,Silver
001888.jpg,Gray
001889.jpg,White
001890.jpg,Black
001891.jpg,Blue
001892.jpg,White
001893.jpg,Red
001894.jpg,Black
001895.jpg,White
001896.jpg,Blue
001897.jpg,Gray
001898.jpg,Blue
001899.jpg,Silver
001900.jpg,White
001901.jpg,Gray
001902.jpg,White
001903.jpg,Black
001904.jpg,Black
001905.jpg,Gray
001906.jpg,White
001907.jpg,Black
001908.jpg,Red
001909.jpg,Silver
001910.jpg,Yellow
001911.jpg,Gray
001912.jpg,White
001913.jpg,White
001914.jpg,Black
001915.jpg,Silver
001916.jpg,White
001917.jpg,Blue
001918.jpg,Silver
001919.jpg,Red
001920.jpg,Yellow
001921.jpg,Black
001922.jpg,Red
001923.jpg,Black
001924.jpg,Silver
001925.jpg,Silver
001926.jpg,Black
001927.jpg,Black
001928.jpg,Black
001929.jpg,Blue
001930.jpg,Silver
001931.jpg,Red
001932.jpg,Red
001933.jpg,Silver
001934.jpg,Silver
001935.jpg,Red
001936.jpg,Black
001937.jpg,Tan
001938.jpg,Green
001939.jpg,Blue
001940.jpg,Black
001941.jpg,Silver
001942.jpg,Black
001943.jpg,Blue
001944.jpg,Blue
001945.jpg,White
001946.jpg,Silver
001947.jpg,Blue
001948.jpg,Red
001949.jpg,White
001950.jpg,Yellow
001951.jpg,Silver
001952.jpg,Silver
001953.jpg,Black
001954.jpg,Silver
001955.jpg,Silver
001956.jpg,Silver
001957.jpg,Silver
001958.jpg,Black
001959.jpg,Black
001960.jpg,Black
001961.jpg,Black
001962.jpg,Blue
001963.jpg,Silver
001964.jpg,Red
001965.jpg,Blue
001966.jpg,Gray
001967.jpg,Black
001968.jpg,Silver
001969.jpg,Red
001970.jpg,White
001971.jpg,Gray
001972.jpg,Silver
001973.jpg,Black
001974.jpg,Red
001975.jpg,Black
001976.jpg,White
001977.jpg,Red
001978.jpg,Red
001979.jpg,Red
001980.jpg,Red
001981.jpg,Red
001982.jpg,Red
001983.jpg,White
001984.jpg,Red
001985.jpg,White
001986.jpg,White
001987.jpg,Red
001988.jpg,White
001989.jpg,Red
001990.jpg,White
001991.jpg,White
001992.jpg,Red
001993.jpg,Red
001994.jpg,Red
001995.jpg,Blue
001996.jpg,White
001997.jpg,White
001998.jpg,Red
001999.jpg,Red
002000.jpg,Red
002001.jpg,Red
002002.jpg,Red
002003.jpg,White
002004.jpg,White
002005.jpg,Red
002006.jpg,Red
002007.jpg,Red
002008.jpg,Red
002009.jpg,White
002010.jpg,White
002011.jpg,Red
002012.jpg,Red
002013.jpg,Red
002014.jpg,Red
002015.jpg,Red
002016.jpg,Red
002017.jpg,Black
002018.jpg,White
002019.jpg,Red
002020.jpg,White
002021.jpg,Red
002022.jpg,Red
002023.jpg,Red
002024.jpg,White
002025.jpg,White
002026.jpg,Red
002027.jpg,Red
002028.jpg,Red
002029.jpg,Red
002030.jpg,Red
002031.jpg,Red
002032.jpg,White
002033.jpg,Red
002034.jpg,Red
002035.jpg,White
002036.jpg,Red
002037.jpg,Red
002038.jpg,Red
002039.jpg,White
002040.jpg,White
002041.jpg,Red
002042.jpg,White
002043.jpg,Red
002044.jpg,White
002045.jpg,Red
002046.jpg,Blue
002047.jpg,Red
002048.jpg,Red
002049.jpg,Blue
002050.jpg,White
002051.jpg,White
002052.jpg,Red
002053.jpg,Red
002054.jpg,White
002055.jpg,Blue
002056.jpg,Blue
002057.jpg,Silver
002058.jpg,Silver
002059.jpg,Silver
002060.jpg,Silver
002061.jpg,Silver
002062.jpg,Gray
002063.jpg,Silver
002064.jpg,Silver
002065.jpg,Purple
002066.jpg,Silver
002067.jpg,Gray
002068.jpg,Silver
002069.jpg,Silver
002070.jpg,Silver
002071.jpg,Gray
002072.jpg,Silver
002073.jpg,White
002074.jpg,Silver
002075.jpg,Silver
002076.jpg,Silver
002077.jpg,Silver
002078.jpg,Silver
002079.jpg,Silver
002080.jpg,Silver
002081.jpg,Silver
002082.jpg,Silver
002083.jpg,Silver
002084.jpg,Silver
002085.jpg,Silver
002086.jpg,Silver
002087.jpg,Silver
002088.jpg,Silver
002089.jpg,Silver
002090.jpg,Silver
002091.jpg,Silver
002092.jpg,Silver
002093.jpg,Blue
002094.jpg,Silver
002095.jpg,Gray
002096.jpg,White
002097.jpg,Silver
002098.jpg,Silver
002099.jpg,Silver
002100.jpg,Gray
002101.jpg,Silver
002102.jpg,Gray
002103.jpg,Silver
002104.jpg,Silver
002105.jpg,Silver
002106.jpg,Silver
002107.jpg,Silver
002108.jpg,Silver
002109.jpg,White
002110.jpg,Silver
002111.jpg,Silver
002112.jpg,Silver
002113.jpg,Silver
002114.jpg,Silver
002115.jpg,Silver
002116.jpg,White
002117.jpg,Silver
002118.jpg,Silver
002119.jpg,Silver
002120.jpg,Silver
002121.jpg,Silver
002122.jpg,Silver
002123.jpg,White
002124.jpg,White
002125.jpg,White
002126.jpg,Gray
002127.jpg,Blue
002128.jpg,White
002129.jpg,White
002130.jpg,Black
002131.jpg,Silver
002132.jpg,White
002133.jpg,Tan
002134.jpg,Gray
002135.jpg,Tan
002136.jpg,Blue
002137.jpg,Silver
002138.jpg,Red
002139.jpg,Red
002140.jpg,Red
002141.jpg,Gray
002142.jpg,Red
002143.jpg,Tan
002144.jpg,White
002145.jpg,White
002146.jpg,White
002147.jpg,Red
002148.jpg,Red
002149.jpg,White
002150.jpg,Gray
002151.jpg,Red
002152.jpg,White
002153.jpg,Black
002154.jpg,Red
002155.jpg,Red
002156.jpg,White
002157.jpg,White
002158.jpg,White
002159.jpg,White
002160.jpg,Gray
002161.jpg,White
002162.jpg,White
002163.jpg,White
002164.jpg,Silver
002165.jpg,Green
002166.jpg,White
002167.jpg,Red
002168.jpg,Brown
002169.jpg,Red
002170.jpg,White
002171.jpg,Tan
002172.jpg,White
002173.jpg,Silver
002174.jpg,White
002175.jpg,Silver
002176.jpg,Red
002177.jpg,Black
002178.jpg,White
002179.jpg,White
002180.jpg,Red
002181.jpg,White
002182.jpg,White
002183.jpg,White
002184.jpg,White
002185.jpg,Blue
002186.jpg,White
002187.jpg,Red
002188.jpg,White
002189.jpg,Red
002190.jpg,White
002191.jpg,White
002192.jpg,White
002193.jpg,White
002194.jpg,White
002195.jpg,Orange
002196.jpg,White
002197.jpg,Red
002198.jpg,Tan
002199.jpg,Red
002200.jpg,Red
002201.jpg,Red
002202.jpg,White
002203.jpg,Orange
002204.jpg,Silver
002205.jpg,Red
002206.jpg,Orange
002207.jpg,Orange
002208.jpg,Orange
002209.jpg,Red
002210.jpg,Red
002211.jpg,Red
002212.jpg,Tan
002213.jpg,Red
002214.jpg,Red
002215.jpg,Orange
002216.jpg,Orange
002217.jpg,Red
002218.jpg,Orange
002219.jpg,White
002220.jpg,Orange
002221.jpg,Red
002222.jpg,Red
002223.jpg,Silver
002224.jpg,Orange
002225.jpg,Orange
002226.jpg,Gray
002227.jpg,Red
002228.jpg,Red
002229.jpg,Gray
002230.jpg,Red
002231.jpg,Red
002232.jpg,Black
002233.jpg,Red
002234.jpg,Orange
002235.jpg,White
002236.jpg,White
002237.jpg,Red
002238.jpg,Orange
002239.jpg,White
002240.jpg,White
002241.jpg,White
002242.jpg,Tan
002243.jpg,Red
002244.jpg,Red
002245.jpg,Black
002246.jpg,Orange
002247.jpg,Red
002248.jpg,Red
002249.jpg,Red
002250.jpg,Red
002251.jpg,Red
002252.jpg,Red
002253.jpg,Tan
002254.jpg,Red
002255.jpg,Red
002256.jpg,Red
002257.jpg,Orange
002258.jpg,Tan
002259.jpg,Black
002260.jpg,Orange
002261.jpg,Orange
002262.jpg,Orange
002263.jpg,Orange
002264.jpg,White
002265.jpg,Red
002266.jpg,Red
002267.jpg,Red
002268.jpg,Red
002269.jpg,Red
002270.jpg,Red
002271.jpg,White
002272.jpg,Silver
002273.jpg,White
002274.jpg,Red
002275.jpg,Red
002276.jpg,Red
002277.jpg,White
002278.jpg,Red
002279.jpg,Gray
002280.jpg,Red
002281.jpg,Red
002282.jpg,Red
002283.jpg,White
002284.jpg,Red
002285.jpg,Red
002286.jpg,Red
002287.jpg,Red
002288.jpg,Black
002289.jpg,Red
002290.jpg,White
002291.jpg,Red
002292.jpg,Red
002293.jpg,Red
002294.jpg,Red
002295.jpg,Red
002296.jpg,Blue
002297.jpg,Purple
002298.jpg,Red
002299.jpg,Red
002300.jpg,Black
002301.jpg,White
002302.jpg,Gray
002303.jpg,Red
002304.jpg,Red
002305.jpg,Red
002306.jpg,Red
002307.jpg,Red
002308.jpg,Black
002309.jpg,Black
002310.jpg,Blue
002311.jpg,Red
002312.jpg,Gray
002313.jpg,Red
002314.jpg,Black
002315.jpg,Red
002316.jpg,Purple
002317.jpg,Gray
002318.jpg,Black
002319.jpg,Black
002320.jpg,White
002321.jpg,Red
002322.jpg,Red
002323.jpg,Red
002324.jpg,Red
002325.jpg,White
002326.jpg,Purple
002327.jpg,Red
002328.jpg,Red
002329.jpg,Purple
002330.jpg,Purple
002331.jpg,Silver
002332.jpg,White
002333.jpg,Red
002334.jpg,Red
002335.jpg,Red
002336.jpg,Red
002337.jpg,Red
002338.jpg,Red
002339.jpg,Red
002340.jpg,Black
002341.jpg,White
002342.jpg,Gray
002343.jpg,Red
002344.jpg,Green
002345.jpg,White
002346.jpg,Red
002347.jpg,Black
002348.jpg,Blue
002349.jpg,Red
002350.jpg,Gray
002351.jpg,Red
002352.jpg,Red
002353.jpg,Red
002354.jpg,Red
002355.jpg,Red
002356.jpg,Red
002357.jpg,White
002358.jpg,Gray
002359.jpg,Red
002360.jpg,Blue
002361.jpg,White
002362.jpg,Black
002363.jpg,Gray
002364.jpg,Green
002365.jpg,Gray
002366.jpg,White
002367.jpg,Silver
002368.jpg,Red
002369.jpg,Gray
002370.jpg,Gray
002371.jpg,White
002372.jpg,Silver
002373.jpg,Black
002374.jpg,Gray
002375.jpg,Silver
002376.jpg,Gray
002377.jpg,Blue
002378.jpg,Tan
002379.jpg,Gray
002380.jpg,Red
002381.jpg,Gray
002382.jpg,Black
002383.jpg,White
002384.jpg,Gray
002385.jpg,Gray
002386.jpg,Gray
002387.jpg,Tan
002388.jpg,Red
002389.jpg,Gray
002390.jpg,Gray
002391.jpg,Gray
002392.jpg,Blue
002393.jpg,White
002394.jpg,Gray
002395.jpg,Blue
002396.jpg,Gray
002397.jpg,Gray
002398.jpg,Gray
002399.jpg,Gray
002400.jpg,White
002401.jpg,Red
002402.jpg,White
002403.jpg,Black
002404.jpg,White
002405.jpg,White
002406.jpg,Gray
002407.jpg,Black
002408.jpg,Gray
002409.jpg,Tan
002410.jpg,Silver
002411.jpg,Red
002412.jpg,Gray
002413.jpg,Gray
002414.jpg,Gray
002415.jpg,Gray
002416.jpg,Blue
002417.jpg,White
002418.jpg,White
002419.jpg,Red
002420.jpg,Gray
002421.jpg,Gray
002422.jpg,Brown
002423.jpg,Gray
002424.jpg,Silver
002425.jpg,Red
002426.jpg,Gray
002427.jpg,White
002428.jpg,Silver
002429.jpg,Gray
002430.jpg,Red
002431.jpg,Gray
002432.jpg,Gray
002433.jpg,Red
002434.jpg,Red
002435.jpg,Red
002436.jpg,Gray
002437.jpg,Gray
002438.jpg,Gray
002439.jpg,Red
002440.jpg,Blue
002441.jpg,Gray
002442.jpg,Silver
002443.jpg,Brown
002444.jpg,Gray
002445.jpg,Silver
002446.jpg,White
002447.jpg,Gray
002448.jpg,Black
002449.jpg,Tan
002450.jpg,Gray
002451.jpg,Black
002452.jpg,White
002453.jpg,Gray
002454.jpg,Blue
002455.jpg,Blue
002456.jpg,White
002457.jpg,Black
002458.jpg,Black
002459.jpg,Silver
002460.jpg,Black
002461.jpg,Gray
002462.jpg,Black
002463.jpg,Gray
002464.jpg,Blue
002465.jpg,Black
002466.jpg,White
002467.jpg,Gray
002468.jpg,Silver
002469.jpg,Blue
002470.jpg,Blue
002471.jpg,Black
002472.jpg,Gray
002473.jpg,Black
002474.jpg,Purple
002475.jpg,Gray
002476.jpg,Gray
002477.jpg,Silver
002478.jpg,Silver
002479.jpg,Silver
002480.jpg,Black
002481.jpg,Silver
002482.jpg,White
002483.jpg,Gray
002484.jpg,Silver
002485.jpg,Silver
002486.jpg,Silver
002487.jpg,Black
002488.jpg,White
002489.jpg,Black
002490.jpg,Gray
002491.jpg,Tan
002492.jpg,Black
002493.jpg,Blue
002494.jpg,Black
002495.jpg,Blue
002496.jpg,White
002497.jpg,Silver
002498.jpg,Blue
002499.jpg,Black
002500.jpg,Purple
002501.jpg,Black
002502.jpg,Gray
002503.jpg,Silver
002504.jpg,Black
002505.jpg,Black
002506.jpg,Silver
002507.jpg,Gray
002508.jpg,Black
002509.jpg,Gray
002510.jpg,Gray
002511.jpg,Silver
002512.jpg,Gray
002513.jpg,Gray
002514.jpg,Gray
002515.jpg,Silver
002516.jpg,Silver
002517.jpg,Black
002518.jpg,White
002519.jpg,Gray
002520.jpg,White
002521.jpg,White
002522.jpg,Black
002523.jpg,Black
002524.jpg,Tan
002525.jpg,Purple
002526.jpg,Gray
002527.jpg,Red
002528.jpg,White
002529.jpg,White
002530.jpg,Blue
002531.jpg,Silver
002532.jpg,Tan
002533.jpg,Silver
002534.jpg,White
002535.jpg,Black
002536.jpg,Silver
002537.jpg,Gray
002538.jpg,Gray
002539.jpg,Tan
002540.jpg,Silver
002541.jpg,Gray
002542.jpg,Black
002543.jpg,Silver
002544.jpg,Tan
002545.jpg,Gray
002546.jpg,Tan
002547.jpg,Gray
002548.jpg,Gray
002549.jpg,Black
002550.jpg,Black
002551.jpg,Gray
002552.jpg,Silver
002553.jpg,Black
002554.jpg,Gray
002555.jpg,White
002556.jpg,Black
002557.jpg,Gray
002558.jpg,Silver
002559.jpg,Tan
002560.jpg,Silver
002561.jpg,Gray
002562.jpg,Silver
002563.jpg,Silver
002564.jpg,Silver
002565.jpg,Silver
002566.jpg,Gray
002567.jpg,Black
002568.jpg,Black
002569.jpg,Silver
002570.jpg,Tan
002571.jpg,Gray
002572.jpg,Gray
002573.jpg,Black
002574.jpg,Silver
002575.jpg,Silver
002576.jpg,Silver
002577.jpg,White
002578.jpg,Gray
002579.jpg,White
002580.jpg,Silver
002581.jpg,White
002582.jpg,Tan
002583.jpg,Silver
002584.jpg,Black
002585.jpg,Blue
002586.jpg,Silver
002587.jpg,Gray
002588.jpg,Gray
002589.jpg,Gray
002590.jpg,Silver
002591.jpg,Silver
002592.jpg,Silver
002593.jpg,Silver
002594.jpg,Gray
002595.jpg,Silver
002596.jpg,Gray
002597.jpg,Gray
002598.jpg,Black
002599.jpg,White
002600.jpg,Gray
002601.jpg,Silver
002602.jpg,Silver
002603.jpg,Silver
002604.jpg,Silver
002605.jpg,Silver
002606.jpg,Silver
002607.jpg,Black
002608.jpg,Silver
002609.jpg,Silver
002610.jpg,Gray
002611.jpg,Tan
002612.jpg,Tan
002613.jpg,Gray
002614.jpg,Gray
002615.jpg,Gray
002616.jpg,Red
002617.jpg,Red
002618.jpg,White
002619.jpg,Red
002620.jpg,Red
002621.jpg,White
002622.jpg,White
002623.jpg,Red
002624.jpg,White
002625.jpg,Silver
002626.jpg,Red
002627.jpg,White
002628.jpg,Red
002629.jpg,Black
002630.jpg,White
002631.jpg,Red
002632.jpg,Red
002633.jpg,Red
002634.jpg,Red
002635.jpg,White
002636.jpg,Red
002637.jpg,Silver
002638.jpg,Red
002639.jpg,Black
002640.jpg,Silver
002641.jpg,Black
002642.jpg,Red
002643.jpg,Gray
002644.jpg,Red
002645.jpg,Purple
002646.jpg,Red
002647.jpg,Red
002648.jpg,Red
002649.jpg,Red
002650.jpg,Red
002651.jpg,Gray
002652.jpg,Silver
002653.jpg,Red
002654.jpg,Black
002655.jpg,Gray
002656.jpg,Red
002657.jpg,White
002658.jpg,Red
002659.jpg,Red
002660.jpg,Black
002661.jpg,Black
002662.jpg,Red
002663.jpg,Black
002664.jpg,Red
002665.jpg,Silver
002666.jpg,Black
002667.jpg,Red
002668.jpg,Silver
002669.jpg,Red
002670.jpg,Red
002671.jpg,Red
002672.jpg,Red
002673.jpg,Red
002674.jpg,Silver
002675.jpg,Black
002676.jpg,Silver
002677.jpg,Gray
002678.jpg,Red
002679.jpg,Silver
002680.jpg,Gray
002681.jpg,Red
002682.jpg,White
002683.jpg,Black
002684.jpg,Silver
002685.jpg,White
002686.jpg,Red
002687.jpg,Red
002688.jpg,White
002689.jpg,Red
002690.jpg,White
002691.jpg,Red
002692.jpg,Silver
002693.jpg,Black
002694.jpg,Gray
002695.jpg,Red
002696.jpg,White
002697.jpg,White
002698.jpg,Red
002699.jpg,White
002700.jpg,White
002701.jpg,White
002702.jpg,White
002703.jpg,Red
002704.jpg,White
002705.jpg,Red
002706.jpg,Orange
002707.jpg,White
002708.jpg,Red
002709.jpg,Black
002710.jpg,Red
002711.jpg,Silver
002712.jpg,Silver
002713.jpg,White
002714.jpg,Black
002715.jpg,White
002716.jpg,Silver
002717.jpg,White
002718.jpg,Gray
002719.jpg,Red
002720.jpg,White
002721.jpg,Silver
002722.jpg,Blue
002723.jpg,White
002724.jpg,Black
002725.jpg,Red
002726.jpg,Silver
002727.jpg,Silver
002728.jpg,Red
002729.jpg,White
002730.jpg,White
002731.jpg,Orange
002732.jpg,White
002733.jpg,White
002734.jpg,White
002735.jpg,Red
002736.jpg,Red
002737.jpg,Orange
002738.jpg,Silver
002739.jpg,Red
002740.jpg,Red
002741.jpg,White
002742.jpg,White
002743.jpg,Red
002744.jpg,Orange
002745.jpg,White
002746.jpg,Red
002747.jpg,Orange
002748.jpg,White
002749.jpg,Orange
002750.jpg,White
002751.jpg,Red
002752.jpg,White
002753.jpg,White
002754.jpg,White
002755.jpg,Silver
002756.jpg,Silver
002757.jpg,Orange
002758.jpg,Red
002759.jpg,White
002760.jpg,White
002761.jpg,Orange
002762.jpg,White
002763.jpg,Silver
002764.jpg,White
002765.jpg,Red
002766.jpg,Gray
002767.jpg,Gray
002768.jpg,White
002769.jpg,Red
002770.jpg,Orange
002771.jpg,White
002772.jpg,White
002773.jpg,Red
002774.jpg,Silver
002775.jpg,White
002776.jpg,Red
002777.jpg,Red
002778.jpg,White
002779.jpg,Silver
002780.jpg,White
002781.jpg,White
002782.jpg,Silver
002783.jpg,White
002784.jpg,White
002785.jpg,Red
002786.jpg,Orange
002787.jpg,Gray
002788.jpg,Black
002789.jpg,Silver
002790.jpg,Red
002791.jpg,White
002792.jpg,White
002793.jpg,Silver
002794.jpg,Silver
002795.jpg,Gray
002796.jpg,Black
002797.jpg,Tan
002798.jpg,Blue
002799.jpg,Silver
002800.jpg,Silver
002801.jpg,White
002802.jpg,Silver
002803.jpg,White
002804.jpg,Purple
002805.jpg,Silver
002806.jpg,Blue
002807.jpg,Silver
002808.jpg,Gray
002809.jpg,Blue
002810.jpg,Blue
002811.jpg,Black
002812.jpg,Red
002813.jpg,Black
002814.jpg,Orange
002815.jpg,Red
002816.jpg,Black
002817.jpg,Silver
002818.jpg,Silver
002819.jpg,Red
002820.jpg,Silver
002821.jpg,Silver
002822.jpg,Gray
002823.jpg,Blue
002824.jpg,Red
002825.jpg,Red
002826.jpg,White
002827.jpg,Silver
002828.jpg,Silver
002829.jpg,Blue
002830.jpg,Silver
002831.jpg,Silver
002832.jpg,Silver
002833.jpg,Silver
002834.jpg,Silver
002835.jpg,Silver
002836.jpg,White
002837.jpg,Red
002838.jpg,Silver
002839.jpg,Silver
002840.jpg,Silver
002841.jpg,Black
002842.jpg,Gray
002843.jpg,Blue
002844.jpg,White
002845.jpg,Black
002846.jpg,Black
002847.jpg,Silver
002848.jpg,Silver
002849.jpg,Silver
002850.jpg,Black
002851.jpg,Silver
002852.jpg,Red
002853.jpg,Silver
002854.jpg,Blue
002855.jpg,Silver
002856.jpg,Red
002857.jpg,Blue
002858.jpg,Silver
002859.jpg,Blue
002860.jpg,Blue
002861.jpg,Silver
002862.jpg,Silver
002863.jpg,Silver
002864.jpg,Tan
002865.jpg,Silver
002866.jpg,Silver
002867.jpg,Silver
002868.jpg,Red
002869.jpg,Red
002870.jpg,Black
002871.jpg,Gray
002872.jpg,Red
002873.jpg,Black
002874.jpg,Black
002875.jpg,Blue
002876.jpg,Black
002877.jpg,Brown
002878.jpg,White
002879.jpg,White
002880.jpg,Blue
002881.jpg,Black
002882.jpg,Black
002883.jpg,Gray
002884.jpg,Gray
002885.jpg,White
002886.jpg,Blue
002887.jpg,Black
002888.jpg,Black
002889.jpg,Black
002890.jpg,White
002891.jpg,Tan
002892.jpg,Black
002893.jpg,White
002894.jpg,White
002895.jpg,Tan
002896.jpg,White
002897.jpg,White
002898.jpg,Black
002899.jpg,Black
002900.jpg,Blue
002901.jpg,White
002902.jpg,Red
002903.jpg,Red
002904.jpg,Black
002905.jpg,Red
002906.jpg,White
002907.jpg,Tan
002908.jpg,Gray
002909.jpg,Black
002910.jpg,Blue
002911.jpg,White
002912.jpg,White
002913.jpg,Gray
002914.jpg,Black
002915.jpg,Black
002916.jpg,White
002917.jpg,White
002918.jpg,Black
002919.jpg,Black
002920.jpg,Black
002921.jpg,Black
002922.jpg,White
002923.jpg,Black
002924.jpg,Gray
002925.jpg,Silver
002926.jpg,Gray
002927.jpg,White
002928.jpg,Black
002929.jpg,White
002930.jpg,Black
002931.jpg,Brown
002932.jpg,Silver
002933.jpg,Tan
002934.jpg,Red
002935.jpg,White
002936.jpg,Black
002937.jpg,Tan
002938.jpg,Gray
002939.jpg,Blue
002940.jpg,Tan
002941.jpg,Tan
002942.jpg,White
002943.jpg,Black
002944.jpg,Black
002945.jpg,Gray
002946.jpg,Purple
002947.jpg,Black
002948.jpg,Tan
002949.jpg,Tan
002950.jpg,Black
002951.jpg,Red
002952.jpg,Black
002953.jpg,Red
002954.jpg,Silver
002955.jpg,Silver
002956.jpg,Silver
002957.jpg,Tan
002958.jpg,Black
002959.jpg,Tan
002960.jpg,Tan
002961.jpg,Silver
002962.jpg,Gray
002963.jpg,Blue
002964.jpg,Red
002965.jpg,Tan
002966.jpg,Silver
002967.jpg,White
002968.jpg,Tan
002969.jpg,Black
002970.jpg,Tan
002971.jpg,Silver
002972.jpg,Black
002973.jpg,Silver
002974.jpg,Black
002975.jpg,Silver
002976.jpg,White
002977.jpg,Silver
002978.jpg,Red
002979.jpg,Red
002980.jpg,White
002981.jpg,Red
002982.jpg,Tan
002983.jpg,Red
002984.jpg,Blue
002985.jpg,Red
002986.jpg,Red
002987.jpg,White
002988.jpg,Silver
002989.jpg,Tan
002990.jpg,Silver
002991.jpg,White
002992.jpg,Tan
002993.jpg,Silver
002994.jpg,Tan
002995.jpg,Tan
002996.jpg,Tan
002997.jpg,Blue
002998.jpg,White
002999.jpg,Tan
003000.jpg,Silver
