img,color
000001.jpg,Green
000002.jpg,Yellow
000003.jpg,Black
000004.jpg,White
000005.jpg,White
000006.jpg,Yellow
000007.jpg,Yellow
000008.jpg,Red
000009.jpg,Tan
000010.jpg,Yellow
000011.jpg,White
000012.jpg,Yellow
000013.jpg,Yellow
000014.jpg,Yellow
000015.jpg,Yellow
000016.jpg,Yellow
000017.jpg,Green
000018.jpg,Gray
000019.jpg,Yellow
000020.jpg,Gray
000021.jpg,Yellow
000022.jpg,Gray
000023.jpg,Red
000024.jpg,Gray
000025.jpg,Yellow
000026.jpg,Black
000027.jpg,Gray
000028.jpg,White
000029.jpg,Black
000030.jpg,Yellow
000031.jpg,Yellow
000032.jpg,Black
000033.jpg,Black
000034.jpg,Red
000035.jpg,White
000036.jpg,Red
000037.jpg,Tan
000038.jpg,Yellow
000039.jpg,White
000040.jpg,Red
000041.jpg,Red
000042.jpg,Yellow
000043.jpg,Yellow
000044.jpg,Black
000045.jpg,Black
000046.jpg,Black
000047.jpg,Yellow
000048.jpg,Yellow
000049.jpg,White
000050.jpg,White
000051.jpg,Yellow
000052.jpg,Black
000053.jpg,Yellow
000054.jpg,Yellow
000055.jpg,Black
000056.jpg,Green
000057.jpg,Yellow
000058.jpg,White
000059.jpg,White
000060.jpg,Yellow
000061.jpg,White
000062.jpg,White
000063.jpg,Black
000064.jpg,Black
000065.jpg,Black
000066.jpg,Yellow
000067.jpg,Green
000068.jpg,Yellow
000069.jpg,Red
000070.jpg,White
000071.jpg,White
000072.jpg,White
000073.jpg,Red
000074.jpg,Yellow
000075.jpg,Yellow
000076.jpg,White
000077.jpg,Yellow
000078.jpg,Yellow
000079.jpg,Green
000080.jpg,White
000081.jpg,Black
000082.jpg,White
000083.jpg,Yellow
000084.jpg,Yellow
000085.jpg,Yellow
000086.jpg,Tan
000087.jpg,Yellow
000088.jpg,White
000089.jpg,Yellow
000090.jpg,Blue
000091.jpg,Red
000092.jpg,Gray
000093.jpg,Gray
000094.jpg,Gray
000095.jpg,Gray
000096.jpg,Gray
000097.jpg,Gray
000098.jpg,White
000099.jpg,Red
000100.jpg,Blue
000101.jpg,Gray
000102.jpg,Red
000103.jpg,Gray
000104.jpg,Red
000105.jpg,Gray
000106.jpg,Red
000107.jpg,Gray
000108.jpg,Gray
000109.jpg,Gray
000110.jpg,Gray
000111.jpg,Black
000112.jpg,Black
000113.jpg,Gray
000114.jpg,Red
000115.jpg,Black
000116.jpg,Gray
000117.jpg,Black
000118.jpg,Black
000119.jpg,Black
000120.jpg,Gray
000121.jpg,Tan
000122.jpg,Red
000123.jpg,Gray
000124.jpg,Gray
000125.jpg,White
000126.jpg,Gray
000127.jpg,Red
000128.jpg,Gray
000129.jpg,Black
000130.jpg,Gray
000131.jpg,Black
000132.jpg,Gray
000133.jpg,Gray
000134.jpg,Red
000135.jpg,Gray
000136.jpg,Black
000137.jpg,Red
000138.jpg,Gray
000139.jpg,Gray
000140.jpg,Gray
000141.jpg,Gray
000142.jpg,Tan
000143.jpg,Red
000144.jpg,Red
000145.jpg,Red
000146.jpg,Red
000147.jpg,Gray
000148.jpg,Gray
000149.jpg,Red
000150.jpg,Gray
000151.jpg,Black
000152.jpg,Gray
000153.jpg,Gray
000154.jpg,Red
000155.jpg,White
000156.jpg,Blue
000157.jpg,White
000158.jpg,Black
000159.jpg,Black
000160.jpg,White
000161.jpg,Gray
000162.jpg,White
000163.jpg,Gray
000164.jpg,Gray
000165.jpg,Gray
000166.jpg,Gray
000167.jpg,Gray
000168.jpg,Gray
000169.jpg,Gray
000170.jpg,Gray
000171.jpg,Gray
000172.jpg,Gray
000173.jpg,White
000174.jpg,Gray
000175.jpg,Gray
000176.jpg,Gray
000177.jpg,Gray
000178.jpg,Black
000179.jpg,Gray
000180.jpg,Gray
000181.jpg,Gray
000182.jpg,Gray
000183.jpg,Gray
000184.jpg,Black
000185.jpg,Black
000186.jpg,Black
000187.jpg,Gray
000188.jpg,Gray
000189.jpg,Gray
000190.jpg,Gray
000191.jpg,White
000192.jpg,White
000193.jpg,Red
000194.jpg,White
000195.jpg,Gray
000196.jpg,Black
000197.jpg,Gray
000198.jpg,Gray
000199.jpg,White
000200.jpg,Gray
000201.jpg,Gray
000202.jpg,Gray
000203.jpg,Gray
000204.jpg,Black
000205.jpg,Gray
000206.jpg,Gray
000207.jpg,White
000208.jpg,Black
000209.jpg,Red
000210.jpg,Red
000211.jpg,Gray
000212.jpg,White
000213.jpg,Gray
000214.jpg,Black
000215.jpg,Gray
000216.jpg,Gray
000217.jpg,Gray
000218.jpg,Black
000219.jpg,Gray
000220.jpg,Gray
000221.jpg,Gray
000222.jpg,Gray
000223.jpg,Gray
000224.jpg,Gray
000225.jpg,Gray
000226.jpg,Black
000227.jpg,Red
000228.jpg,Gray
000229.jpg,Gray
000230.jpg,Black
000231.jpg,Gray
000232.jpg,Black
000233.jpg,Gray
000234.jpg,Gray
000235.jpg,Gray
000236.jpg,White
000237.jpg,Gray
000238.jpg,Gray
000239.jpg,Gray
000240.jpg,Gray
000241.jpg,Blue
000242.jpg,Red
000243.jpg,Gray
000244.jpg,Gray
000245.jpg,Tan
000246.jpg,Gray
000247.jpg,Black
000248.jpg,Red
000249.jpg,Black
000250.jpg,Black
000251.jpg,Gray
000252.jpg,Blue
000253.jpg,Black
000254.jpg,Black
000255.jpg,Black
000256.jpg,Black
000257.jpg,Gray
000258.jpg,Blue
000259.jpg,Gray
000260.jpg,Blue
000261.jpg,Blue
000262.jpg,Gray
000263.jpg,Red
000264.jpg,Gray
000265.jpg,Black
000266.jpg,Blue
000267.jpg,Black
000268.jpg,Gray
000269.jpg,Gray
000270.jpg,Blue
000271.jpg,Black
000272.jpg,Blue
000273.jpg,Black
000274.jpg,Gray
000275.jpg,Blue
000276.jpg,Gray
000277.jpg,Gray
000278.jpg,Black
000279.jpg,Red
000280.jpg,Gray
000281.jpg,Gray
000282.jpg,White
000283.jpg,Blue
000284.jpg,Black
000285.jpg,Black
000286.jpg,Red
000287.jpg,Gray
000288.jpg,Gray
000289.jpg,White
000290.jpg,Blue
000291.jpg,Blue
000292.jpg,Blue
000293.jpg,Black
000294.jpg,Black
000295.jpg,Gray
000296.jpg,Black
000297.jpg,Blue
000298.jpg,Black
000299.jpg,Tan
000300.jpg,Gray
000301.jpg,Gray
000302.jpg,Blue
000303.jpg,Tan
000304.jpg,Gray
000305.jpg,Black
000306.jpg,Gray
000307.jpg,Gray
000308.jpg,Blue
000309.jpg,Blue
000310.jpg,Black
000311.jpg,Gray
000312.jpg,Black
000313.jpg,Gray
000314.jpg,Black
000315.jpg,Red
000316.jpg,Gray
000317.jpg,Gray
000318.jpg,Black
000319.jpg,Blue
000320.jpg,Gray
000321.jpg,Blue
000322.jpg,Black
000323.jpg,White
000324.jpg,Gray
000325.jpg,Gray
000326.jpg,Tan
000327.jpg,Gray
000328.jpg,Gray
000329.jpg,Blue
000330.jpg,Gray
000331.jpg,White
000332.jpg,Gray
000333.jpg,Gray
000334.jpg,Gray
000335.jpg,White
000336.jpg,Red
000337.jpg,Red
000338.jpg,Gray
000339.jpg,Gray
000340.jpg,Black
000341.jpg,Gray
000342.jpg,Red
000343.jpg,Gray
000344.jpg,White
000345.jpg,Red
000346.jpg,White
000347.jpg,Gray
000348.jpg,Gray
000349.jpg,Gray
000350.jpg,Black
000351.jpg,Red
000352.jpg,Gray
000353.jpg,White
000354.jpg,Red
000355.jpg,Gray
000356.jpg,White
000357.jpg,Gray
000358.jpg,Gray
000359.jpg,Gray
000360.jpg,Gray
000361.jpg,Gray
000362.jpg,Gray
000363.jpg,Tan
000364.jpg,Gray
000365.jpg,White
000366.jpg,Red
000367.jpg,Gray
000368.jpg,Gray
000369.jpg,Gray
000370.jpg,Gray
000371.jpg,Gray
000372.jpg,Gray
000373.jpg,White
000374.jpg,Gray
000375.jpg,Red
000376.jpg,Gray
000377.jpg,Gray
000378.jpg,Red
000379.jpg,Black
000380.jpg,Gray
000381.jpg,Gray
000382.jpg,Red
000383.jpg,Gray
000384.jpg,Gray
000385.jpg,Gray
000386.jpg,White
000387.jpg,Red
000388.jpg,Gray
000389.jpg,Gray
000390.jpg,Red
000391.jpg,Gray
000392.jpg,White
000393.jpg,Gray
000394.jpg,Red
000395.jpg,White
000396.jpg,Gray
000397.jpg,Gray
000398.jpg,White
000399.jpg,Red
000400.jpg,Gray
000401.jpg,Gray
000402.jpg,Gray
000403.jpg,Gray
000404.jpg,Gray
000405.jpg,Yellow
000406.jpg,Black
000407.jpg,Yellow
000408.jpg,Yellow
000409.jpg,White
000410.jpg,Black
000411.jpg,Yellow
000412.jpg,White
000413.jpg,Yellow
000414.jpg,White
000415.jpg,Red
000416.jpg,Yellow
000417.jpg,Yellow
000418.jpg,Yellow
000419.jpg,Tan
000420.jpg,Yellow
000421.jpg,White
000422.jpg,Yellow
000423.jpg,Black
000424.jpg,Yellow
000425.jpg,Yellow
000426.jpg,Yellow
000427.jpg,Yellow
000428.jpg,White
000429.jpg,Yellow
000430.jpg,Yellow
000431.jpg,White
000432.jpg,Yellow
000433.jpg,White
000434.jpg,Yellow
000435.jpg,Black
000436.jpg,Yellow
000437.jpg,White
000438.jpg,Yellow
000439.jpg,White
000440.jpg,Yellow
000441.jpg,Yellow
000442.jpg,Yellow
000443.jpg,Yellow
000444.jpg,Yellow
000445.jpg,Black
000446.jpg,Yellow
000447.jpg,Yellow
000448.jpg,Yellow
000449.jpg,Yellow
000450.jpg,White
000451.jpg,Gray
000452.jpg,White
000453.jpg,Blue
000454.jpg,White
000455.jpg,White
000456.jpg,Yellow
000457.jpg,Yellow
000458.jpg,White
000459.jpg,White
000460.jpg,Yellow
000461.jpg,Yellow
000462.jpg,Yellow
000463.jpg,White
000464.jpg,Yellow
000465.jpg,Black
000466.jpg,White
000467.jpg,White
000468.jpg,Yellow
000469.jpg,White
000470.jpg,Yellow
000471.jpg,Yellow
000472.jpg,Yellow
000473.jpg,White
000474.jpg,White
000475.jpg,White
000476.jpg,Yellow
000477.jpg,White
000478.jpg,Red
000479.jpg,White
000480.jpg,Black
000481.jpg,Yellow
000482.jpg,Yellow
000483.jpg,Yellow
000484.jpg,Yellow
000485.jpg,White
000486.jpg,Yellow
000487.jpg,Yellow
000488.jpg,White
000489.jpg,White
000490.jpg,Yellow
000491.jpg,Red
000492.jpg,White
000493.jpg,Yellow
000494.jpg,White
000495.jpg,White
000496.jpg,Gray
000497.jpg,Red
000498.jpg,Black
000499.jpg,Gray
000500.jpg,Black
000501.jpg,Gray
000502.jpg,Gray
000503.jpg,Black
000504.jpg,Gray
000505.jpg,Tan
000506.jpg,Black
000507.jpg,Gray
000508.jpg,Gray
000509.jpg,Tan
000510.jpg,Tan
000511.jpg,Gray
000512.jpg,Black
000513.jpg,Gray
000514.jpg,Gray
000515.jpg,Black
000516.jpg,White
000517.jpg,Gray
000518.jpg,Gray
000519.jpg,Gray
000520.jpg,Gray
000521.jpg,Black
000522.jpg,Gray
000523.jpg,Tan
000524.jpg,Gray
000525.jpg,White
000526.jpg,Gray
000527.jpg,Tan
000528.jpg,White
000529.jpg,Black
000530.jpg,Tan
000531.jpg,Gray
000532.jpg,Tan
000533.jpg,Gray
000534.jpg,Gray
000535.jpg,Black
000536.jpg,Gray
000537.jpg,Gray
000538.jpg,Tan
000539.jpg,Gray
000540.jpg,Tan
000541.jpg,White
000542.jpg,Gray
000543.jpg,Gray
000544.jpg,Tan
000545.jpg,Gray
000546.jpg,Tan
000547.jpg,Gray
000548.jpg,Black
000549.jpg,White
000550.jpg,Blue
000551.jpg,Tan
000552.jpg,White
000553.jpg,White
000554.jpg,Gray
000555.jpg,Gray
000556.jpg,Gray
000557.jpg,Gray
000558.jpg,Black
000559.jpg,Gray
000560.jpg,White
000561.jpg,Gray
000562.jpg,Black
000563.jpg,Gray
000564.jpg,Gray
000565.jpg,Gray
000566.jpg,Gray
000567.jpg,Gray
000568.jpg,Gray
000569.jpg,Black
000570.jpg,Tan
000571.jpg,Gray
000572.jpg,White
000573.jpg,Gray
000574.jpg,Green
000575.jpg,Red
000576.jpg,Green
000577.jpg,White
000578.jpg,White
000579.jpg,Green
000580.jpg,White
000581.jpg,Black
000582.jpg,White
000583.jpg,Black
000584.jpg,Blue
000585.jpg,White
000586.jpg,White
000587.jpg,White
000588.jpg,White
000589.jpg,White
000590.jpg,Red
000591.jpg,Red
000592.jpg,White
000593.jpg,Yellow
000594.jpg,Black
000595.jpg,Blue
000596.jpg,Yellow
000597.jpg,Blue
000598.jpg,Gray
000599.jpg,Blue
000600.jpg,White
000601.jpg,Blue
000602.jpg,Blue
000603.jpg,Blue
000604.jpg,Blue
000605.jpg,Blue
000606.jpg,Red
000607.jpg,Black
000608.jpg,Green
000609.jpg,Blue
000610.jpg,Red
000611.jpg,Gray
000612.jpg,Gray
000613.jpg,Gray
000614.jpg,Green
000615.jpg,Blue
000616.jpg,Gray
000617.jpg,Black
000618.jpg,Gray
000619.jpg,Blue
000620.jpg,Blue
000621.jpg,White
000622.jpg,Green
000623.jpg,Gray
000624.jpg,Black
000625.jpg,Gray
000626.jpg,Gray
000627.jpg,White
000628.jpg,Red
000629.jpg,White
000630.jpg,Gray
000631.jpg,Black
000632.jpg,Blue
000633.jpg,Blue
000634.jpg,White
000635.jpg,Gray
000636.jpg,Gray
000637.jpg,Gray
000638.jpg,White
000639.jpg,Gray
000640.jpg,Red
000641.jpg,White
000642.jpg,Black
000643.jpg,White
000644.jpg,Blue
000645.jpg,Black
000646.jpg,Gray
000647.jpg,White
000648.jpg,Gray
000649.jpg,Black
000650.jpg,Yellow
000651.jpg,Black
000652.jpg,Black
000653.jpg,Gray
000654.jpg,Green
000655.jpg,Blue
000656.jpg,Black
000657.jpg,Black
000658.jpg,White
000659.jpg,White
000660.jpg,Black
000661.jpg,White
000662.jpg,Blue
000663.jpg,Red
000664.jpg,Gray
000665.jpg,Gray
000666.jpg,White
000667.jpg,Tan
000668.jpg,Gray
000669.jpg,Black
000670.jpg,Blue
000671.jpg,Red
000672.jpg,Red
000673.jpg,Green
000674.jpg,Blue
000675.jpg,Black
000676.jpg,Gray
000677.jpg,Gray
000678.jpg,Gray
000679.jpg,Red
000680.jpg,White
000681.jpg,White
000682.jpg,Black
000683.jpg,White
000684.jpg,Yellow
000685.jpg,White
000686.jpg,White
000687.jpg,Yellow
000688.jpg,Gray
000689.jpg,White
000690.jpg,White
000691.jpg,Blue
000692.jpg,Red
000693.jpg,Green
000694.jpg,Blue
000695.jpg,Red
000696.jpg,White
000697.jpg,Blue
000698.jpg,Gray
000699.jpg,Gray
000700.jpg,Blue
000701.jpg,Black
000702.jpg,White
000703.jpg,Gray
000704.jpg,White
000705.jpg,Gray
000706.jpg,Blue
000707.jpg,Gray
000708.jpg,Black
000709.jpg,Red
000710.jpg,Gray
000711.jpg,Black
000712.jpg,Gray
000713.jpg,Red
000714.jpg,Yellow
000715.jpg,Red
000716.jpg,Gray
000717.jpg,Gray
000718.jpg,Black
000719.jpg,Gray
000720.jpg,Red
000721.jpg,Black
000722.jpg,Red
000723.jpg,Red
000724.jpg,Blue
000725.jpg,Blue
000726.jpg,Gray
000727.jpg,Red
000728.jpg,Blue
000729.jpg,Green
000730.jpg,Gray
000731.jpg,White
000732.jpg,Black
000733.jpg,White
000734.jpg,Red
000735.jpg,Blue
000736.jpg,White
000737.jpg,Red
000738.jpg,Blue
000739.jpg,Blue
000740.jpg,Gray
000741.jpg,Blue
000742.jpg,Gray
000743.jpg,Red
000744.jpg,White
000745.jpg,Gray
000746.jpg,Gray
000747.jpg,Gray
000748.jpg,Gray
000749.jpg,Gray
000750.jpg,Gray
000751.jpg,White
000752.jpg,Gray
000753.jpg,Gray
000754.jpg,White
000755.jpg,Black
000756.jpg,Gray
000757.jpg,Gray
000758.jpg,Blue
000759.jpg,Black
000760.jpg,Gray
000761.jpg,Gray
000762.jpg,Black
000763.jpg,Gray
000764.jpg,Gray
000765.jpg,Gray
000766.jpg,Gray
000767.jpg,Gray
000768.jpg,Gray
000769.jpg,Gray
000770.jpg,Gray
000771.jpg,Gray
000772.jpg,Gray
000773.jpg,Gray
000774.jpg,Gray
000775.jpg,Gray
000776.jpg,Gray
000777.jpg,Black
000778.jpg,Gray
000779.jpg,Gray
000780.jpg,Black
000781.jpg,White
000782.jpg,Gray
000783.jpg,White
000784.jpg,White
000785.jpg,Gray
000786.jpg,White
000787.jpg,Black
000788.jpg,White
000789.jpg,Tan
000790.jpg,Gray
000791.jpg,Black
000792.jpg,Tan
000793.jpg,White
000794.jpg,Gray
000795.jpg,White
000796.jpg,Gray
000797.jpg,Gray
000798.jpg,Black
000799.jpg,Black
000800.jpg,Gray
000801.jpg,Gray
000802.jpg,Gray
000803.jpg,Gray
000804.jpg,Gray
000805.jpg,Black
000806.jpg,Gray
000807.jpg,Gray
000808.jpg,Gray
000809.jpg,White
000810.jpg,Red
000811.jpg,Red
000812.jpg,Red
000813.jpg,Red
000814.jpg,Red
000815.jpg,Red
000816.jpg,Red
000817.jpg,Red
000818.jpg,Red
000819.jpg,Red
000820.jpg,Gray
000821.jpg,Red
000822.jpg,Tan
000823.jpg,Red
000824.jpg,Gray
000825.jpg,Red
000826.jpg,Red
000827.jpg,Red
000828.jpg,Red
000829.jpg,Black
000830.jpg,Red
000831.jpg,Red
000832.jpg,Red
000833.jpg,Red
000834.jpg,Red
000835.jpg,Red
000836.jpg,Red
000837.jpg,Red
000838.jpg,Red
000839.jpg,Red
000840.jpg,Red
000841.jpg,Red
000842.jpg,Red
000843.jpg,Red
000844.jpg,Red
000845.jpg,Red
000846.jpg,Red
000847.jpg,Red
000848.jpg,Red
000849.jpg,Red
000850.jpg,Red
000851.jpg,Red
000852.jpg,Red
000853.jpg,Red
000854.jpg,Red
000855.jpg,Red
000856.jpg,Red
000857.jpg,Red
000858.jpg,Red
000859.jpg,Red
000860.jpg,White
000861.jpg,Red
000862.jpg,Red
000863.jpg,Gray
000864.jpg,Red
000865.jpg,Red
000866.jpg,Red
000867.jpg,Red
000868.jpg,Red
000869.jpg,Red
000870.jpg,Red
000871.jpg,Red
000872.jpg,Red
000873.jpg,Red
000874.jpg,Red
000875.jpg,Red
000876.jpg,Gray
000877.jpg,White
000878.jpg,Red
000879.jpg,Red
000880.jpg,Tan
000881.jpg,Red
000882.jpg,Tan
000883.jpg,Red
000884.jpg,Red
000885.jpg,Red
000886.jpg,Yellow
000887.jpg,Black
000888.jpg,Black
000889.jpg,Yellow
000890.jpg,Blue
000891.jpg,Black
000892.jpg,Black
000893.jpg,Gray
000894.jpg,Blue
000895.jpg,Gray
000896.jpg,Yellow
000897.jpg,Yellow
000898.jpg,Yellow
000899.jpg,Black
000900.jpg,Black
000901.jpg,Yellow
000902.jpg,Yellow
000903.jpg,Black
000904.jpg,Black
000905.jpg,Blue
000906.jpg,Black
000907.jpg,Black
000908.jpg,Blue
000909.jpg,Blue
000910.jpg,Blue
000911.jpg,Blue
000912.jpg,Yellow
000913.jpg,Gray
000914.jpg,Gray
000915.jpg,Black
000916.jpg,Blue
000917.jpg,Yellow
000918.jpg,Black
000919.jpg,Blue
000920.jpg,Blue
000921.jpg,Black
000922.jpg,Black
000923.jpg,Yellow
000924.jpg,Blue
000925.jpg,Blue
000926.jpg,Yellow
000927.jpg,Yellow
000928.jpg,Black
000929.jpg,Yellow
000930.jpg,Gray
000931.jpg,Red
000932.jpg,Black
000933.jpg,White
000934.jpg,Black
000935.jpg,Black
000936.jpg,Blue
000937.jpg,Red
000938.jpg,Red
000939.jpg,Yellow
000940.jpg,White
000941.jpg,Yellow
000942.jpg,Blue
000943.jpg,Blue
000944.jpg,Blue
000945.jpg,Yellow
000946.jpg,Blue
000947.jpg,Black
000948.jpg,White
000949.jpg,Black
000950.jpg,Yellow
000951.jpg,Black
000952.jpg,Yellow
000953.jpg,Black
000954.jpg,Yellow
000955.jpg,Blue
000956.jpg,Yellow
000957.jpg,Yellow
000958.jpg,Yellow
000959.jpg,White
000960.jpg,Gray
000961.jpg,Gray
000962.jpg,Gray
000963.jpg,Gray
000964.jpg,Black
000965.jpg,Gray
000966.jpg,White
000967.jpg,Gray
000968.jpg,Red
000969.jpg,Gray
000970.jpg,Gray
000971.jpg,Gray
000972.jpg,White
000973.jpg,Gray
000974.jpg,White
000975.jpg,Blue
000976.jpg,Gray
000977.jpg,Blue
000978.jpg,Gray
000979.jpg,White
000980.jpg,Black
000981.jpg,Black
000982.jpg,White
000983.jpg,Black
000984.jpg,Black
000985.jpg,Red
000986.jpg,Gray
000987.jpg,Black
000988.jpg,Black
000989.jpg,White
000990.jpg,Gray
000991.jpg,Gray
000992.jpg,Gray
000993.jpg,Red
000994.jpg,Gray
000995.jpg,Red
000996.jpg,Gray
000997.jpg,White
000998.jpg,White
000999.jpg,Gray
001000.jpg,Black
001001.jpg,Gray
001002.jpg,Red
001003.jpg,Gray
001004.jpg,White
001005.jpg,Blue
001006.jpg,Gray
001007.jpg,Gray
001008.jpg,White
001009.jpg,White
001010.jpg,Blue
001011.jpg,Gray
001012.jpg,Black
001013.jpg,White
001014.jpg,Gray
001015.jpg,White
001016.jpg,Gray
001017.jpg,Gray
001018.jpg,Tan
001019.jpg,Gray
001020.jpg,Gray
001021.jpg,White
001022.jpg,White
001023.jpg,Gray
001024.jpg,Black
001025.jpg,Black
001026.jpg,Gray
001027.jpg,Gray
001028.jpg,Black
001029.jpg,Gray
001030.jpg,White
001031.jpg,White
001032.jpg,White
001033.jpg,Gray
001034.jpg,Black
001035.jpg,Gray
001036.jpg,Blue
001037.jpg,White
001038.jpg,Gray
001039.jpg,Gray
001040.jpg,White
001041.jpg,Black
001042.jpg,Gray
001043.jpg,Black
001044.jpg,Gray
001045.jpg,Black
001046.jpg,Black
001047.jpg,Black
001048.jpg,Gray
001049.jpg,Gray
001050.jpg,Gray
001051.jpg,Black
001052.jpg,White
001053.jpg,Black
001054.jpg,Gray
001055.jpg,Black
001056.jpg,White
001057.jpg,Black
001058.jpg,Blue
001059.jpg,Red
001060.jpg,Gray
001061.jpg,Blue
001062.jpg,White
001063.jpg,Black
001064.jpg,Blue
001065.jpg,Gray
001066.jpg,Blue
001067.jpg,Black
001068.jpg,Blue
001069.jpg,Black
001070.jpg,Blue
001071.jpg,Tan
001072.jpg,Gray
001073.jpg,White
001074.jpg,Red
001075.jpg,White
001076.jpg,White
001077.jpg,Black
001078.jpg,Gray
001079.jpg,Black
001080.jpg,White
001081.jpg,Red
001082.jpg,Black
001083.jpg,Black
001084.jpg,Blue
001085.jpg,Black
001086.jpg,Black
001087.jpg,Black
001088.jpg,Gray
001089.jpg,Black
001090.jpg,Gray
001091.jpg,Black
001092.jpg,Black
001093.jpg,White
001094.jpg,White
001095.jpg,Black
001096.jpg,White
001097.jpg,Black
001098.jpg,White
001099.jpg,Red
001100.jpg,Black
001101.jpg,White
001102.jpg,Red
001103.jpg,White
001104.jpg,Black
001105.jpg,Gray
001106.jpg,White
001107.jpg,Black
001108.jpg,Black
001109.jpg,Black
001110.jpg,Gray
001111.jpg,Red
001112.jpg,Black
001113.jpg,Yellow
001114.jpg,Black
001115.jpg,Black
001116.jpg,Black
001117.jpg,White
001118.jpg,Tan
001119.jpg,Black
001120.jpg,White
001121.jpg,Red
001122.jpg,White
001123.jpg,Tan
001124.jpg,Black
001125.jpg,White
001126.jpg,Black
001127.jpg,Gray
001128.jpg,Gray
001129.jpg,Black
001130.jpg,White
001131.jpg,Black
001132.jpg,White
001133.jpg,Red
001134.jpg,Black
001135.jpg,White
001136.jpg,Gray
001137.jpg,Blue
001138.jpg,White
001139.jpg,Black
001140.jpg,Gray
001141.jpg,Gray
001142.jpg,Red
001143.jpg,Red
001144.jpg,White
001145.jpg,Red
001146.jpg,White
001147.jpg,Gray
001148.jpg,Blue
001149.jpg,White
001150.jpg,Black
001151.jpg,White
001152.jpg,Black
001153.jpg,Red
001154.jpg,White
001155.jpg,White
001156.jpg,White
001157.jpg,Red
001158.jpg,Red
001159.jpg,White
001160.jpg,White
001161.jpg,White
001162.jpg,Blue
001163.jpg,Gray
001164.jpg,White
001165.jpg,Black
001166.jpg,Gray
001167.jpg,Gray
001168.jpg,White
001169.jpg,Gray
001170.jpg,White
001171.jpg,Gray
001172.jpg,Red
001173.jpg,Gray
001174.jpg,Black
001175.jpg,White
001176.jpg,Black
001177.jpg,White
001178.jpg,Gray
001179.jpg,Gray
001180.jpg,Blue
001181.jpg,White
001182.jpg,Red
001183.jpg,White
001184.jpg,Blue
001185.jpg,Gray
001186.jpg,Black
001187.jpg,Gray
001188.jpg,Black
001189.jpg,White
001190.jpg,Black
001191.jpg,White
001192.jpg,White
001193.jpg,Gray
001194.jpg,White
001195.jpg,Gray
001196.jpg,White
001197.jpg,Blue
001198.jpg,White
001199.jpg,White
001200.jpg,Gray
001201.jpg,Red
001202.jpg,Blue
001203.jpg,Gray
001204.jpg,White
001205.jpg,White
001206.jpg,Black
001207.jpg,Gray
001208.jpg,Blue
001209.jpg,Gray
001210.jpg,Red
001211.jpg,White
001212.jpg,Black
001213.jpg,White
001214.jpg,Blue
001215.jpg,Black
001216.jpg,Gray
001217.jpg,Blue
001218.jpg,Black
001219.jpg,Black
001220.jpg,Black
001221.jpg,Black
001222.jpg,Black
001223.jpg,Black
001224.jpg,Black
001225.jpg,Gray
001226.jpg,Tan
001227.jpg,Black
001228.jpg,Black
001229.jpg,Gray
001230.jpg,White
001231.jpg,Tan
001232.jpg,White
001233.jpg,Tan
001234.jpg,Black
001235.jpg,Black
001236.jpg,White
001237.jpg,Red
001238.jpg,Blue
001239.jpg,White
001240.jpg,White
001241.jpg,White
001242.jpg,Black
001243.jpg,Gray
001244.jpg,Blue
001245.jpg,White
001246.jpg,White
001247.jpg,Gray
001248.jpg,Gray
001249.jpg,Gray
001250.jpg,Gray
001251.jpg,Black
001252.jpg,Blue
001253.jpg,Black
001254.jpg,Blue
001255.jpg,Blue
001256.jpg,Gray
001257.jpg,Gray
001258.jpg,Gray
001259.jpg,Gray
001260.jpg,Red
001261.jpg,Blue
001262.jpg,White
001263.jpg,White
001264.jpg,Black
001265.jpg,White
001266.jpg,Black
001267.jpg,White
001268.jpg,Red
001269.jpg,White
001270.jpg,Black
001271.jpg,Red
001272.jpg,Tan
001273.jpg,White
001274.jpg,Gray
001275.jpg,Blue
001276.jpg,Gray
001277.jpg,White
001278.jpg,Gray
001279.jpg,Gray
001280.jpg,Gray
001281.jpg,Gray
001282.jpg,Blue
001283.jpg,Black
001284.jpg,Gray
001285.jpg,Blue
001286.jpg,Gray
001287.jpg,White
001288.jpg,Blue
001289.jpg,Red
001290.jpg,White
001291.jpg,White
001292.jpg,Black
001293.jpg,Gray
001294.jpg,White
001295.jpg,White
001296.jpg,Gray
001297.jpg,Black
001298.jpg,White
001299.jpg,Red
001300.jpg,Blue
001301.jpg,White
001302.jpg,Gray
001303.jpg,Black
001304.jpg,White
001305.jpg,White
001306.jpg,Gray
001307.jpg,White
001308.jpg,White
001309.jpg,Blue
001310.jpg,Gray
001311.jpg,White
001312.jpg,Gray
001313.jpg,Blue
001314.jpg,Black
001315.jpg,White
001316.jpg,Blue
001317.jpg,Black
001318.jpg,Blue
001319.jpg,White
001320.jpg,Red
001321.jpg,Blue
001322.jpg,White
001323.jpg,Tan
001324.jpg,Gray
001325.jpg,Red
001326.jpg,White
001327.jpg,Black
001328.jpg,Blue
001329.jpg,Blue
001330.jpg,Tan
001331.jpg,Tan
001332.jpg,White
001333.jpg,White
001334.jpg,White
001335.jpg,Red
001336.jpg,White
001337.jpg,Blue
001338.jpg,White
001339.jpg,Black
001340.jpg,Gray
001341.jpg,Red
001342.jpg,Gray
001343.jpg,White
001344.jpg,Red
001345.jpg,Blue
001346.jpg,Blue
001347.jpg,Gray
001348.jpg,White
001349.jpg,Gray
001350.jpg,Gray
001351.jpg,Blue
001352.jpg,Gray
001353.jpg,Black
001354.jpg,White
001355.jpg,Tan
001356.jpg,White
001357.jpg,Blue
001358.jpg,Red
001359.jpg,Black
001360.jpg,Gray
001361.jpg,Gray
001362.jpg,White
001363.jpg,Gray
001364.jpg,Gray
001365.jpg,Blue
001366.jpg,White
001367.jpg,Gray
001368.jpg,White
001369.jpg,White
001370.jpg,Gray
001371.jpg,Black
001372.jpg,Gray
001373.jpg,Gray
001374.jpg,White
001375.jpg,White
001376.jpg,White
001377.jpg,White
001378.jpg,Black
001379.jpg,Black
001380.jpg,Gray
001381.jpg,White
001382.jpg,Gray
001383.jpg,Blue
001384.jpg,Red
001385.jpg,Gray
001386.jpg,Tan
001387.jpg,Blue
001388.jpg,Black
001389.jpg,Black
001390.jpg,White
001391.jpg,Gray
001392.jpg,Black
001393.jpg,Gray
001394.jpg,Gray
001395.jpg,Red
001396.jpg,Black
001397.jpg,Gray
001398.jpg,Black
001399.jpg,Blue
001400.jpg,Red
001401.jpg,Gray
001402.jpg,Red
001403.jpg,Gray
001404.jpg,Red
001405.jpg,Gray
001406.jpg,Blue
001407.jpg,White
001408.jpg,Black
001409.jpg,Gray
001410.jpg,Black
001411.jpg,Black
001412.jpg,Gray
001413.jpg,Blue
001414.jpg,Black
001415.jpg,Gray
001416.jpg,Black
001417.jpg,Gray
001418.jpg,Black
001419.jpg,Black
001420.jpg,Green
001421.jpg,Red
001422.jpg,Gray
001423.jpg,Black
001424.jpg,White
001425.jpg,Gray
001426.jpg,Gray
001427.jpg,Blue
001428.jpg,Black
001429.jpg,Blue
001430.jpg,White
001431.jpg,Blue
001432.jpg,Blue
001433.jpg,Blue
001434.jpg,Gray
001435.jpg,White
001436.jpg,Gray
001437.jpg,Gray
001438.jpg,Blue
001439.jpg,Gray
001440.jpg,Blue
001441.jpg,Blue
001442.jpg,Black
001443.jpg,Gray
001444.jpg,Gray
001445.jpg,Black
001446.jpg,Black
001447.jpg,Black
001448.jpg,Tan
001449.jpg,Gray
001450.jpg,Red
001451.jpg,Blue
001452.jpg,Blue
001453.jpg,Gray
001454.jpg,Gray
001455.jpg,Black
001456.jpg,Black
001457.jpg,Gray
001458.jpg,Black
001459.jpg,Gray
001460.jpg,Gray
001461.jpg,Gray
001462.jpg,White
001463.jpg,Gray
001464.jpg,Gray
001465.jpg,White
001466.jpg,Gray
001467.jpg,Red
001468.jpg,Red
001469.jpg,Gray
001470.jpg,Red
001471.jpg,White
001472.jpg,Black
001473.jpg,Blue
001474.jpg,Gray
001475.jpg,White
001476.jpg,Red
001477.jpg,White
001478.jpg,Tan
001479.jpg,Gray
001480.jpg,Blue
001481.jpg,White
001482.jpg,Red
001483.jpg,Red
001484.jpg,White
001485.jpg,Black
001486.jpg,Gray
001487.jpg,Red
001488.jpg,White
001489.jpg,Red
001490.jpg,White
001491.jpg,Gray
001492.jpg,White
001493.jpg,White
001494.jpg,Black
001495.jpg,White
001496.jpg,White
001497.jpg,Gray
001498.jpg,Gray
001499.jpg,Gray
001500.jpg,White
001501.jpg,Gray
001502.jpg,Blue
001503.jpg,Black
001504.jpg,Red
001505.jpg,Blue
001506.jpg,White
001507.jpg,Gray
001508.jpg,White
001509.jpg,Gray
001510.jpg,White
001511.jpg,Gray
001512.jpg,Blue
001513.jpg,Gray
001514.jpg,Gray
001515.jpg,Gray
001516.jpg,Black
001517.jpg,Gray
001518.jpg,Gray
001519.jpg,Gray
001520.jpg,Black
001521.jpg,Blue
001522.jpg,Gray
001523.jpg,White
001524.jpg,Gray
001525.jpg,Red
001526.jpg,Red
001527.jpg,Gray
001528.jpg,White
001529.jpg,White
001530.jpg,White
001531.jpg,Gray
001532.jpg,Red
001533.jpg,Gray
001534.jpg,Blue
001535.jpg,Blue
001536.jpg,Red
001537.jpg,Red
001538.jpg,Gray
001539.jpg,White
001540.jpg,Red
001541.jpg,Black
001542.jpg,White
001543.jpg,Red
001544.jpg,Gray
001545.jpg,Gray
001546.jpg,Blue
001547.jpg,Blue
001548.jpg,Tan
001549.jpg,Black
001550.jpg,Black
001551.jpg,Black
001552.jpg,White
001553.jpg,Gray
001554.jpg,Gray
001555.jpg,Gray
001556.jpg,Blue
001557.jpg,Black
001558.jpg,Gray
001559.jpg,Black
001560.jpg,Gray
001561.jpg,White
001562.jpg,Tan
001563.jpg,Red
001564.jpg,Black
001565.jpg,Black
001566.jpg,White
001567.jpg,Gray
001568.jpg,Blue
001569.jpg,White
001570.jpg,Blue
001571.jpg,Gray
001572.jpg,Gray
001573.jpg,Red
001574.jpg,Gray
001575.jpg,Gray
001576.jpg,Black
001577.jpg,Blue
001578.jpg,Blue
001579.jpg,Blue
001580.jpg,Blue
001581.jpg,Gray
001582.jpg,Gray
001583.jpg,Blue
001584.jpg,White
001585.jpg,Black
001586.jpg,Black
001587.jpg,White
001588.jpg,Gray
001589.jpg,White
001590.jpg,Black
001591.jpg,Black
001592.jpg,Gray
001593.jpg,White
001594.jpg,Black
001595.jpg,Black
001596.jpg,White
001597.jpg,Blue
001598.jpg,Black
001599.jpg,Black
001600.jpg,Gray
001601.jpg,Gray
001602.jpg,Black
001603.jpg,Blue
001604.jpg,Gray
001605.jpg,Blue
001606.jpg,Blue
001607.jpg,Blue
001608.jpg,White
001609.jpg,Gray
001610.jpg,Gray
001611.jpg,Gray
001612.jpg,Black
001613.jpg,Gray
001614.jpg,Black
001615.jpg,Gray
001616.jpg,Gray
001617.jpg,Gray
001618.jpg,Gray
001619.jpg,Gray
001620.jpg,White
001621.jpg,Blue
001622.jpg,Gray
001623.jpg,Gray
001624.jpg,Gray
001625.jpg,Blue
001626.jpg,Blue
001627.jpg,Gray
001628.jpg,Gray
001629.jpg,Gray
001630.jpg,White
001631.jpg,Gray
001632.jpg,White
001633.jpg,Gray
001634.jpg,Black
001635.jpg,Gray
001636.jpg,Red
001637.jpg,Black
001638.jpg,Blue
001639.jpg,Red
001640.jpg,Blue
001641.jpg,Blue
001642.jpg,Blue
001643.jpg,Red
001644.jpg,Red
001645.jpg,Red
001646.jpg,Black
001647.jpg,Blue
001648.jpg,White
001649.jpg,Blue
001650.jpg,White
001651.jpg,Gray
001652.jpg,Blue
001653.jpg,Black
001654.jpg,Black
001655.jpg,Black
001656.jpg,Blue
001657.jpg,Blue
001658.jpg,Blue
001659.jpg,Gray
001660.jpg,Blue
001661.jpg,White
001662.jpg,Blue
001663.jpg,Blue
001664.jpg,Gray
001665.jpg,Blue
001666.jpg,Red
001667.jpg,Black
001668.jpg,Gray
001669.jpg,Blue
001670.jpg,Gray
001671.jpg,White
001672.jpg,Blue
001673.jpg,Blue
001674.jpg,Blue
001675.jpg,Blue
001676.jpg,Blue
001677.jpg,Gray
001678.jpg,White
001679.jpg,Black
001680.jpg,White
001681.jpg,Red
001682.jpg,Gray
001683.jpg,White
001684.jpg,Blue
001685.jpg,Blue
001686.jpg,Blue
001687.jpg,Black
001688.jpg,Blue
001689.jpg,White
001690.jpg,White
001691.jpg,Blue
001692.jpg,Red
001693.jpg,Blue
001694.jpg,White
001695.jpg,White
001696.jpg,Gray
001697.jpg,Blue
001698.jpg,Black
001699.jpg,Gray
001700.jpg,White
001701.jpg,Black
001702.jpg,White
001703.jpg,White
001704.jpg,Gray
001705.jpg,Red
001707.jpg,Black
001708.jpg,White
001709.jpg,Blue
001710.jpg,Blue
001711.jpg,Blue
001712.jpg,Black
001713.jpg,Black
001714.jpg,Blue
001715.jpg,White
001716.jpg,Tan
001717.jpg,Red
001718.jpg,Blue
001719.jpg,White
001720.jpg,Blue
001721.jpg,Gray
001722.jpg,Black
001723.jpg,Tan
001724.jpg,Black
001725.jpg,Gray
001726.jpg,Gray
001727.jpg,Red
001728.jpg,Gray
001729.jpg,White
001730.jpg,Gray
001731.jpg,White
001732.jpg,Black
001733.jpg,Blue
001734.jpg,Tan
001735.jpg,Tan
001736.jpg,Gray
001737.jpg,Black
001738.jpg,Red
001739.jpg,Black
001740.jpg,Gray
001741.jpg,Gray
001742.jpg,Black
001743.jpg,Blue
001744.jpg,Black
001745.jpg,Black
001746.jpg,Gray
001747.jpg,Gray
001748.jpg,Gray
001749.jpg,Black
001750.jpg,Blue
001751.jpg,Black
001752.jpg,White
001753.jpg,White
001754.jpg,Gray
001755.jpg,Red
001756.jpg,Tan
001757.jpg,Gray
001758.jpg,Gray
001759.jpg,Gray
001760.jpg,Gray
001761.jpg,Green
001762.jpg,Gray
001763.jpg,White
001764.jpg,White
001765.jpg,Gray
001766.jpg,Gray
001767.jpg,Gray
001768.jpg,Red
001769.jpg,Gray
001770.jpg,Gray
001771.jpg,Gray
001772.jpg,Gray
001773.jpg,Gray
001774.jpg,Gray
001775.jpg,Gray
001776.jpg,Gray
001777.jpg,White
001778.jpg,Gray
001779.jpg,Blue
001780.jpg,Blue
001781.jpg,Red
001782.jpg,White
001783.jpg,White
001784.jpg,Black
001785.jpg,White
001786.jpg,Red
001787.jpg,Black
001788.jpg,Gray
001789.jpg,Gray
001790.jpg,Gray
001791.jpg,Gray
001792.jpg,Black
001793.jpg,Black
001794.jpg,Gray
001795.jpg,Gray
001796.jpg,Tan
001797.jpg,Gray
001798.jpg,White
001799.jpg,White
001800.jpg,Gray
001801.jpg,Black
001802.jpg,Gray
001803.jpg,Blue
001804.jpg,Gray
001805.jpg,Blue
001806.jpg,Black
001807.jpg,White
001808.jpg,Black
001809.jpg,Black
001810.jpg,Red
001811.jpg,White
001812.jpg,White
001813.jpg,Gray
001814.jpg,Red
001815.jpg,White
001816.jpg,White
001817.jpg,Blue
001818.jpg,Black
001819.jpg,Gray
001820.jpg,Red
001821.jpg,White
001822.jpg,Red
001823.jpg,Yellow
001824.jpg,Red
001825.jpg,Gray
001826.jpg,Red
001827.jpg,Red
001828.jpg,Red
001829.jpg,Gray
001830.jpg,White
001831.jpg,Gray
001832.jpg,Red
001833.jpg,Gray
001834.jpg,Black
001835.jpg,Blue
001836.jpg,White
001837.jpg,White
001838.jpg,Black
001839.jpg,Gray
001840.jpg,White
001841.jpg,Gray
001842.jpg,Red
001843.jpg,Blue
001844.jpg,White
001845.jpg,White
001846.jpg,Black
001847.jpg,Gray
001848.jpg,Gray
001849.jpg,Black
001850.jpg,Red
001851.jpg,Blue
001852.jpg,Red
001853.jpg,White
001854.jpg,White
001855.jpg,White
001856.jpg,Blue
001857.jpg,Red
001858.jpg,White
001859.jpg,Yellow
001860.jpg,Black
001861.jpg,Gray
001862.jpg,Gray
001863.jpg,White
001864.jpg,Black
001865.jpg,Red
001866.jpg,Blue
001867.jpg,White
001868.jpg,White
001869.jpg,Blue
001870.jpg,Red
001871.jpg,Yellow
001872.jpg,Red
001873.jpg,Tan
001874.jpg,White
001875.jpg,Gray
001876.jpg,Black
001877.jpg,Red
001878.jpg,Gray
001879.jpg,White
001880.jpg,White
001881.jpg,Red
001882.jpg,Yellow
001883.jpg,Black
001884.jpg,Black
001885.jpg,Gray
001886.jpg,Gray
001887.jpg,Gray
001888.jpg,Gray
001889.jpg,White
001890.jpg,Black
001891.jpg,Blue
001892.jpg,White
001893.jpg,Red
001894.jpg,Black
001895.jpg,White
001896.jpg,Blue
001897.jpg,Gray
001898.jpg,Blue
001899.jpg,Gray
001900.jpg,White
001901.jpg,Gray
001902.jpg,White
001903.jpg,Black
001904.jpg,Black
001905.jpg,Gray
001906.jpg,White
001907.jpg,Black
001908.jpg,Red
001909.jpg,Gray
001910.jpg,Yellow
001911.jpg,Gray
001912.jpg,White
001913.jpg,White
001914.jpg,Black
001915.jpg,Gray
001916.jpg,White
001917.jpg,Blue
001918.jpg,Gray
001919.jpg,Red
001920.jpg,Yellow
001921.jpg,Black
001922.jpg,Red
001923.jpg,Black
001924.jpg,Gray
001925.jpg,Gray
001926.jpg,Black
001927.jpg,Black
001928.jpg,Black
001929.jpg,Blue
001930.jpg,Gray
001931.jpg,Red
001932.jpg,Red
001933.jpg,Gray
001934.jpg,Gray
001935.jpg,Red
001936.jpg,Black
001937.jpg,Tan
001938.jpg,Green
001939.jpg,Blue
001940.jpg,Black
001941.jpg,Gray
001942.jpg,Black
001943.jpg,Blue
001944.jpg,Blue
001945.jpg,White
001946.jpg,Gray
001947.jpg,Blue
001948.jpg,Red
001949.jpg,White
001950.jpg,Yellow
001951.jpg,Gray
001952.jpg,Gray
001953.jpg,Black
001954.jpg,Gray
001955.jpg,Gray
001956.jpg,Gray
001957.jpg,Gray
001958.jpg,Black
001959.jpg,Black
001960.jpg,Black
001961.jpg,Black
001962.jpg,Blue
001963.jpg,Gray
001964.jpg,Red
001965.jpg,Blue
001966.jpg,Gray
001967.jpg,Black
001968.jpg,Gray
001969.jpg,Red
001970.jpg,White
001971.jpg,Gray
001972.jpg,Gray
001973.jpg,Black
001974.jpg,Red
001975.jpg,Black
001976.jpg,White
001977.jpg,Red
001978.jpg,Red
001979.jpg,Red
001980.jpg,Red
001981.jpg,Red
001982.jpg,Red
001983.jpg,White
001984.jpg,Red
001985.jpg,White
001986.jpg,White
001987.jpg,Red
001988.jpg,White
001989.jpg,Red
001990.jpg,White
001991.jpg,White
001992.jpg,Red
001993.jpg,Red
001994.jpg,Red
001995.jpg,Blue
001996.jpg,White
001997.jpg,White
001998.jpg,Red
001999.jpg,Red
002000.jpg,Red
002001.jpg,Red
002002.jpg,Red
002003.jpg,White
002004.jpg,White
002005.jpg,Red
002006.jpg,Red
002007.jpg,Red
002008.jpg,Red
002009.jpg,White
002010.jpg,White
002011.jpg,Red
002012.jpg,Red
002013.jpg,Red
002014.jpg,Red
002015.jpg,Red
002016.jpg,Red
002017.jpg,Black
002018.jpg,White
002019.jpg,Red
002020.jpg,White
002021.jpg,Red
002022.jpg,Red
002023.jpg,Red
002024.jpg,White
002025.jpg,White
002026.jpg,Red
002027.jpg,Red
002028.jpg,Red
002029.jpg,Red
002030.jpg,Red
002031.jpg,Red
002032.jpg,White
002033.jpg,Red
002034.jpg,Red
002035.jpg,White
002036.jpg,Red
002037.jpg,Red
002038.jpg,Red
002039.jpg,White
002040.jpg,White
002041.jpg,Red
002042.jpg,White
002043.jpg,Red
002044.jpg,White
002045.jpg,Red
002046.jpg,Blue
002047.jpg,Red
002048.jpg,Red
002049.jpg,Blue
002050.jpg,White
002051.jpg,White
002052.jpg,Red
002053.jpg,Red
002054.jpg,White
002055.jpg,Blue
002056.jpg,Blue
002057.jpg,Gray
002058.jpg,Gray
002059.jpg,Gray
002060.jpg,Gray
002061.jpg,Gray
002062.jpg,Gray
002063.jpg,Gray
002064.jpg,Gray
002065.jpg,Blue
002066.jpg,Gray
002067.jpg,Gray
002068.jpg,Gray
002069.jpg,Gray
002070.jpg,Gray
002071.jpg,Gray
002072.jpg,Gray
002073.jpg,White
002074.jpg,Gray
002075.jpg,Gray
002076.jpg,Gray
002077.jpg,Gray
002078.jpg,Gray
002079.jpg,Gray
002080.jpg,Gray
002081.jpg,Gray
002082.jpg,Gray
002083.jpg,Gray
002084.jpg,Gray
002085.jpg,Gray
002086.jpg,Gray
002087.jpg,Gray
002088.jpg,Gray
002089.jpg,Gray
002090.jpg,Gray
002091.jpg,Gray
002092.jpg,Gray
002093.jpg,Blue
002094.jpg,Gray
002095.jpg,Gray
002096.jpg,White
002097.jpg,Gray
002098.jpg,Gray
002099.jpg,Gray
002100.jpg,Gray
002101.jpg,Gray
002102.jpg,Gray
002103.jpg,Gray
002104.jpg,Gray
002105.jpg,Gray
002106.jpg,Gray
002107.jpg,Gray
002108.jpg,Gray
002109.jpg,White
002110.jpg,Gray
002111.jpg,Gray
002112.jpg,Gray
002113.jpg,Gray
002114.jpg,Gray
002115.jpg,Gray
002116.jpg,White
002117.jpg,Gray
002118.jpg,Gray
002119.jpg,Gray
002120.jpg,Gray
002121.jpg,Gray
002122.jpg,Gray
002123.jpg,White
002124.jpg,White
002125.jpg,White
002126.jpg,Gray
002127.jpg,Blue
002128.jpg,White
002129.jpg,White
002130.jpg,Black
002131.jpg,Gray
002132.jpg,White
002133.jpg,Tan
002134.jpg,Gray
002135.jpg,Tan
002136.jpg,Blue
002137.jpg,Gray
002138.jpg,Red
002139.jpg,Red
002140.jpg,Red
002141.jpg,Gray
002142.jpg,Red
002143.jpg,Tan
002144.jpg,White
002145.jpg,White
002146.jpg,White
002147.jpg,Red
002148.jpg,Red
002149.jpg,White
002150.jpg,Gray
002151.jpg,Red
002152.jpg,White
002153.jpg,Black
002154.jpg,Red
002155.jpg,Red
002156.jpg,White
002157.jpg,White
002158.jpg,White
002159.jpg,White
002160.jpg,Gray
002161.jpg,White
002162.jpg,White
002163.jpg,White
002164.jpg,Gray
002165.jpg,Green
002166.jpg,White
002167.jpg,Red
002168.jpg,Tan
002169.jpg,Red
002170.jpg,White
002171.jpg,Tan
002172.jpg,White
002173.jpg,Gray
002174.jpg,White
002175.jpg,Gray
002176.jpg,Red
002177.jpg,Black
002178.jpg,White
002179.jpg,White
002180.jpg,Red
002181.jpg,White
002182.jpg,White
002183.jpg,White
002184.jpg,White
002185.jpg,Blue
002186.jpg,White
002187.jpg,Red
002188.jpg,White
002189.jpg,Red
002190.jpg,White
002191.jpg,White
002192.jpg,White
002193.jpg,White
002194.jpg,White
002195.jpg,Red
002196.jpg,White
002197.jpg,Red
002198.jpg,Tan
002199.jpg,Red
002200.jpg,Red
002201.jpg,Red
002202.jpg,White
002203.jpg,Red
002204.jpg,Gray
002205.jpg,Red
002206.jpg,Red
002207.jpg,Red
002208.jpg,Red
002209.jpg,Red
002210.jpg,Red
002211.jpg,Red
002212.jpg,Tan
002213.jpg,Red
002214.jpg,Red
002215.jpg,Red
002216.jpg,Red
002217.jpg,Red
002218.jpg,Red
002219.jpg,White
002220.jpg,Red
002221.jpg,Red
002222.jpg,Red
002223.jpg,Gray
002224.jpg,Red
002225.jpg,Red
002226.jpg,Gray
002227.jpg,Red
002228.jpg,Red
002229.jpg,Gray
002230.jpg,Red
002231.jpg,Red
002232.jpg,Black
002233.jpg,Red
002234.jpg,Red
002235.jpg,White
002236.jpg,White
002237.jpg,Red
002238.jpg,Red
002239.jpg,White
002240.jpg,White
002241.jpg,White
002242.jpg,Tan
002243.jpg,Red
002244.jpg,Red
002245.jpg,Black
002246.jpg,Red
002247.jpg,Red
002248.jpg,Red
002249.jpg,Red
002250.jpg,Red
002251.jpg,Red
002252.jpg,Red
002253.jpg,Tan
002254.jpg,Red
002255.jpg,Red
002256.jpg,Red
002257.jpg,Red
002258.jpg,Tan
002259.jpg,Black
002260.jpg,Red
002261.jpg,Red
002262.jpg,Red
002263.jpg,Red
002264.jpg,White
002265.jpg,Red
002266.jpg,Red
002267.jpg,Red
002268.jpg,Red
002269.jpg,Red
002270.jpg,Red
002271.jpg,White
002272.jpg,Gray
002273.jpg,White
002274.jpg,Red
002275.jpg,Red
002276.jpg,Red
002277.jpg,White
002278.jpg,Red
002279.jpg,Gray
002280.jpg,Red
002281.jpg,Red
002282.jpg,Red
002283.jpg,White
002284.jpg,Red
002285.jpg,Red
002286.jpg,Red
002287.jpg,Red
002288.jpg,Black
002289.jpg,Red
002290.jpg,White
002291.jpg,Red
002292.jpg,Red
002293.jpg,Red
002294.jpg,Red
002295.jpg,Red
002296.jpg,Blue
002297.jpg,Blue
002298.jpg,Red
002299.jpg,Red
002300.jpg,Black
002301.jpg,White
002302.jpg,Gray
002303.jpg,Red
002304.jpg,Red
002305.jpg,Red
002306.jpg,Red
002307.jpg,Red
002308.jpg,Black
002309.jpg,Black
002310.jpg,Blue
002311.jpg,Red
002312.jpg,Gray
002313.jpg,Red
002314.jpg,Black
002315.jpg,Red
002316.jpg,Blue
002317.jpg,Gray
002318.jpg,Black
002319.jpg,Black
002320.jpg,White
002321.jpg,Red
002322.jpg,Red
002323.jpg,Red
002324.jpg,Red
002325.jpg,White
002326.jpg,Blue
002327.jpg,Red
002328.jpg,Red
002329.jpg,Blue
002330.jpg,Blue
002331.jpg,Gray
002332.jpg,White
002333.jpg,Red
002334.jpg,Red
002335.jpg,Red
002336.jpg,Red
002337.jpg,Red
002338.jpg,Red
002339.jpg,Red
002340.jpg,Black
002341.jpg,White
002342.jpg,Gray
002343.jpg,Red
002344.jpg,Green
002345.jpg,White
002346.jpg,Red
002347.jpg,Black
002348.jpg,Blue
002349.jpg,Red
002350.jpg,Gray
002351.jpg,Red
002352.jpg,Red
002353.jpg,Red
002354.jpg,Red
002355.jpg,Red
002356.jpg,Red
002357.jpg,White
002358.jpg,Gray
002359.jpg,Red
002360.jpg,Blue
002361.jpg,White
002362.jpg,Black
002363.jpg,Gray
002364.jpg,Green
002365.jpg,Gray
002366.jpg,White
002367.jpg,Gray
002368.jpg,Red
002369.jpg,Gray
002370.jpg,Gray
002371.jpg,White
002372.jpg,Gray
002373.jpg,Black
002374.jpg,Gray
002375.jpg,Gray
002376.jpg,Gray
002377.jpg,Blue
002378.jpg,Tan
002379.jpg,Gray
002380.jpg,Red
002381.jpg,Gray
002382.jpg,Black
002383.jpg,White
002384.jpg,Gray
002385.jpg,Gray
002386.jpg,Gray
002387.jpg,Tan
002388.jpg,Red
002389.jpg,Gray
002390.jpg,Gray
002391.jpg,Gray
002392.jpg,Blue
002393.jpg,White
002394.jpg,Gray
002395.jpg,Blue
002396.jpg,Gray
002397.jpg,Gray
002398.jpg,Gray
002399.jpg,Gray
002400.jpg,White
002401.jpg,Red
002402.jpg,White
002403.jpg,Black
002404.jpg,White
002405.jpg,White
002406.jpg,Gray
002407.jpg,Black
002408.jpg,Gray
002409.jpg,Tan
002410.jpg,Gray
002411.jpg,Red
002412.jpg,Gray
002413.jpg,Gray
002414.jpg,Gray
002415.jpg,Gray
002416.jpg,Blue
002417.jpg,White
002418.jpg,White
002419.jpg,Red
002420.jpg,Gray
002421.jpg,Gray
002422.jpg,Tan
002423.jpg,Gray
002424.jpg,Gray
002425.jpg,Red
002426.jpg,Gray
002427.jpg,White
002428.jpg,Gray
002429.jpg,Gray
002430.jpg,Red
002431.jpg,Gray
002432.jpg,Gray
002433.jpg,Red
002434.jpg,Red
002435.jpg,Red
002436.jpg,Gray
002437.jpg,Gray
002438.jpg,Gray
002439.jpg,Red
002440.jpg,Blue
002441.jpg,Gray
002442.jpg,Gray
002443.jpg,Tan
002444.jpg,Gray
002445.jpg,Gray
002446.jpg,White
002447.jpg,Gray
002448.jpg,Black
002449.jpg,Tan
002450.jpg,Gray
002451.jpg,Black
002452.jpg,White
002453.jpg,Gray
002454.jpg,Blue
002455.jpg,Blue
002456.jpg,White
002457.jpg,Black
002458.jpg,Black
002459.jpg,Gray
002460.jpg,Black
002461.jpg,Gray
002462.jpg,Black
002463.jpg,Gray
002464.jpg,Blue
002465.jpg,Black
002466.jpg,White
002467.jpg,Gray
002468.jpg,Gray
002469.jpg,Blue
002470.jpg,Blue
002471.jpg,Black
002472.jpg,Gray
002473.jpg,Black
002474.jpg,Blue
002475.jpg,Gray
002476.jpg,Gray
002477.jpg,Gray
002478.jpg,Gray
002479.jpg,Gray
002480.jpg,Black
002481.jpg,Gray
002482.jpg,White
002483.jpg,Gray
002484.jpg,Gray
002485.jpg,Gray
002486.jpg,Gray
002487.jpg,Black
002488.jpg,White
002489.jpg,Black
002490.jpg,Gray
002491.jpg,Tan
002492.jpg,Black
002493.jpg,Blue
002494.jpg,Black
002495.jpg,Blue
002496.jpg,White
002497.jpg,Gray
002498.jpg,Blue
002499.jpg,Black
002500.jpg,Blue
002501.jpg,Black
002502.jpg,Gray
002503.jpg,Gray
002504.jpg,Black
002505.jpg,Black
002506.jpg,Gray
002507.jpg,Gray
002508.jpg,Black
002509.jpg,Gray
002510.jpg,Gray
002511.jpg,Gray
002512.jpg,Gray
002513.jpg,Gray
002514.jpg,Gray
002515.jpg,Gray
002516.jpg,Gray
002517.jpg,Black
002518.jpg,White
002519.jpg,Gray
002520.jpg,White
002521.jpg,White
002522.jpg,Black
002523.jpg,Black
002524.jpg,Tan
002525.jpg,Blue
002526.jpg,Gray
002527.jpg,Red
002528.jpg,White
002529.jpg,White
002530.jpg,Blue
002531.jpg,Gray
002532.jpg,Tan
002533.jpg,Gray
002534.jpg,White
002535.jpg,Black
002536.jpg,Gray
002537.jpg,Gray
002538.jpg,Gray
002539.jpg,Tan
002540.jpg,Gray
002541.jpg,Gray
002542.jpg,Black
002543.jpg,Gray
002544.jpg,Tan
002545.jpg,Gray
002546.jpg,Tan
002547.jpg,Gray
002548.jpg,Gray
002549.jpg,Black
002550.jpg,Black
002551.jpg,Gray
002552.jpg,Gray
002553.jpg,Black
002554.jpg,Gray
002555.jpg,White
002556.jpg,Black
002557.jpg,Gray
002558.jpg,Gray
002559.jpg,Tan
002560.jpg,Gray
002561.jpg,Gray
002562.jpg,Gray
002563.jpg,Gray
002564.jpg,Gray
002565.jpg,Gray
002566.jpg,Gray
002567.jpg,Black
002568.jpg,Black
002569.jpg,Gray
002570.jpg,Tan
002571.jpg,Gray
002572.jpg,Gray
002573.jpg,Black
002574.jpg,Gray
002575.jpg,Gray
002576.jpg,Gray
002577.jpg,White
002578.jpg,Gray
002579.jpg,White
002580.jpg,Gray
002581.jpg,White
002582.jpg,Tan
002583.jpg,Gray
002584.jpg,Black
002585.jpg,Blue
002586.jpg,Gray
002587.jpg,Gray
002588.jpg,Gray
002589.jpg,Gray
002590.jpg,Gray
002591.jpg,Gray
002592.jpg,Gray
002593.jpg,Gray
002594.jpg,Gray
002595.jpg,Gray
002596.jpg,Gray
002597.jpg,Gray
002598.jpg,Black
002599.jpg,White
002600.jpg,Gray
002601.jpg,Gray
002602.jpg,Gray
002603.jpg,Gray
002604.jpg,Gray
002605.jpg,Gray
002606.jpg,Gray
002607.jpg,Black
002608.jpg,Gray
002609.jpg,Gray
002610.jpg,Gray
002611.jpg,Tan
002612.jpg,Tan
002613.jpg,Gray
002614.jpg,Gray
002615.jpg,Gray
002616.jpg,Red
002617.jpg,Red
002618.jpg,White
002619.jpg,Red
002620.jpg,Red
002621.jpg,White
002622.jpg,White
002623.jpg,Red
002624.jpg,White
002625.jpg,Gray
002626.jpg,Red
002627.jpg,White
002628.jpg,Red
002629.jpg,Black
002630.jpg,White
002631.jpg,Red
002632.jpg,Red
002633.jpg,Red
002634.jpg,Red
002635.jpg,White
002636.jpg,Red
002637.jpg,Gray
002638.jpg,Red
002639.jpg,Black
002640.jpg,Gray
002641.jpg,Black
002642.jpg,Red
002643.jpg,Gray
002644.jpg,Red
002645.jpg,Blue
002646.jpg,Red
002647.jpg,Red
002648.jpg,Red
002649.jpg,Red
002650.jpg,Red
002651.jpg,Gray
002652.jpg,Gray
002653.jpg,Red
002654.jpg,Black
002655.jpg,Gray
002656.jpg,Red
002657.jpg,White
002658.jpg,Red
002659.jpg,Red
002660.jpg,Black
002661.jpg,Black
002662.jpg,Red
002663.jpg,Black
002664.jpg,Red
002665.jpg,Gray
002666.jpg,Black
002667.jpg,Red
002668.jpg,Gray
002669.jpg,Red
002670.jpg,Red
002671.jpg,Red
002672.jpg,Red
002673.jpg,Red
002674.jpg,Gray
002675.jpg,Black
002676.jpg,Gray
002677.jpg,Gray
002678.jpg,Red
002679.jpg,Gray
002680.jpg,Gray
002681.jpg,Red
002682.jpg,White
002683.jpg,Black
002684.jpg,Gray
002685.jpg,White
002686.jpg,Red
002687.jpg,Red
002688.jpg,White
002689.jpg,Red
002690.jpg,White
002691.jpg,Red
002692.jpg,Gray
002693.jpg,Black
002694.jpg,Gray
002695.jpg,Red
002696.jpg,White
002697.jpg,White
002698.jpg,Red
002699.jpg,White
002700.jpg,White
002701.jpg,White
002702.jpg,White
002703.jpg,Red
002704.jpg,White
002705.jpg,Red
002706.jpg,Red
002707.jpg,White
002708.jpg,Red
002709.jpg,Black
002710.jpg,Red
002711.jpg,Gray
002712.jpg,Gray
002713.jpg,White
002714.jpg,Black
002715.jpg,White
002716.jpg,Gray
002717.jpg,White
002718.jpg,Gray
002719.jpg,Red
002720.jpg,White
002721.jpg,Gray
002722.jpg,Blue
002723.jpg,White
002724.jpg,Black
002725.jpg,Red
002726.jpg,Gray
002727.jpg,Gray
002728.jpg,Red
002729.jpg,White
002730.jpg,White
002731.jpg,Red
002732.jpg,White
002733.jpg,White
002734.jpg,White
002735.jpg,Red
002736.jpg,Red
002737.jpg,Red
002738.jpg,Gray
002739.jpg,Red
002740.jpg,Red
002741.jpg,White
002742.jpg,White
002743.jpg,Red
002744.jpg,Red
002745.jpg,White
002746.jpg,Red
002747.jpg,Red
002748.jpg,White
002749.jpg,Red
002750.jpg,White
002751.jpg,Red
002752.jpg,White
002753.jpg,White
002754.jpg,White
002755.jpg,Gray
002756.jpg,Gray
002757.jpg,Red
002758.jpg,Red
002759.jpg,White
002760.jpg,White
002761.jpg,Red
002762.jpg,White
002763.jpg,Gray
002764.jpg,White
002765.jpg,Red
002766.jpg,Gray
002767.jpg,Gray
002768.jpg,White
002769.jpg,Red
002770.jpg,Red
002771.jpg,White
002772.jpg,White
002773.jpg,Red
002774.jpg,Gray
002775.jpg,White
002776.jpg,Red
002777.jpg,Red
002778.jpg,White
002779.jpg,Gray
002780.jpg,White
002781.jpg,White
002782.jpg,Gray
002783.jpg,White
002784.jpg,White
002785.jpg,Red
002786.jpg,Red
002787.jpg,Gray
002788.jpg,Black
002789.jpg,Gray
002790.jpg,Red
002791.jpg,White
002792.jpg,White
002793.jpg,Gray
002794.jpg,Gray
002795.jpg,Gray
002796.jpg,Black
002797.jpg,Tan
002798.jpg,Blue
002799.jpg,Gray
002800.jpg,Gray
002801.jpg,White
002802.jpg,Gray
002803.jpg,White
002804.jpg,Blue
002805.jpg,Gray
002806.jpg,Blue
002807.jpg,Gray
002808.jpg,Gray
002809.jpg,Blue
002810.jpg,Blue
002811.jpg,Black
002812.jpg,Red
002813.jpg,Black
002814.jpg,Red
002815.jpg,Red
002816.jpg,Black
002817.jpg,Gray
002818.jpg,Gray
002819.jpg,Red
002820.jpg,Gray
002821.jpg,Gray
002822.jpg,Gray
002823.jpg,Blue
002824.jpg,Red
002825.jpg,Red
002826.jpg,White
002827.jpg,Gray
002828.jpg,Gray
002829.jpg,Blue
002830.jpg,Gray
002831.jpg,Gray
002832.jpg,Gray
002833.jpg,Gray
002834.jpg,Gray
002835.jpg,Gray
002836.jpg,White
002837.jpg,Red
002838.jpg,Gray
002839.jpg,Gray
002840.jpg,Gray
002841.jpg,Black
002842.jpg,Gray
002843.jpg,Blue
002844.jpg,White
002845.jpg,Black
002846.jpg,Black
002847.jpg,Gray
002848.jpg,Gray
002849.jpg,Gray
002850.jpg,Black
002851.jpg,Gray
002852.jpg,Red
002853.jpg,Gray
002854.jpg,Blue
002855.jpg,Gray
002856.jpg,Red
002857.jpg,Blue
002858.jpg,Gray
002859.jpg,Blue
002860.jpg,Blue
002861.jpg,Gray
002862.jpg,Gray
002863.jpg,Gray
002864.jpg,Tan
002865.jpg,Gray
002866.jpg,Gray
002867.jpg,Gray
002868.jpg,Red
002869.jpg,Red
002870.jpg,Black
002871.jpg,Gray
002872.jpg,Red
002873.jpg,Black
002874.jpg,Black
002875.jpg,Blue
002876.jpg,Black
002877.jpg,Tan
002878.jpg,White
002879.jpg,White
002880.jpg,Blue
002881.jpg,Black
002882.jpg,Black
002883.jpg,Gray
002884.jpg,Gray
002885.jpg,White
002886.jpg,Blue
002887.jpg,Black
002888.jpg,Black
002889.jpg,Black
002890.jpg,White
002891.jpg,Tan
002892.jpg,Black
002893.jpg,White
002894.jpg,White
002895.jpg,Tan
002896.jpg,White
002897.jpg,White
002898.jpg,Black
002899.jpg,Black
002900.jpg,Blue
002901.jpg,White
002902.jpg,Red
002903.jpg,Red
002904.jpg,Black
002905.jpg,Red
002906.jpg,White
002907.jpg,Tan
002908.jpg,Gray
002909.jpg,Black
002910.jpg,Blue
002911.jpg,White
002912.jpg,White
002913.jpg,Gray
002914.jpg,Black
002915.jpg,Black
002916.jpg,White
002917.jpg,White
002918.jpg,Black
002919.jpg,Black
002920.jpg,Black
002921.jpg,Black
002922.jpg,White
002923.jpg,Black
002924.jpg,Gray
002925.jpg,Gray
002926.jpg,Gray
002927.jpg,White
002928.jpg,Black
002929.jpg,White
002930.jpg,Black
002931.jpg,Tan
002932.jpg,Gray
002933.jpg,Tan
002934.jpg,Red
002935.jpg,White
002936.jpg,Black
002937.jpg,Tan
002938.jpg,Gray
002939.jpg,Blue
002940.jpg,Tan
002941.jpg,Tan
002942.jpg,White
002943.jpg,Black
002944.jpg,Black
002945.jpg,Gray
002946.jpg,Blue
002947.jpg,Black
002948.jpg,Tan
002949.jpg,Tan
002950.jpg,Black
002951.jpg,Red
002952.jpg,Black
002953.jpg,Red
002954.jpg,Gray
002955.jpg,Gray
002956.jpg,Gray
002957.jpg,Tan
002958.jpg,Black
002959.jpg,Tan
002960.jpg,Tan
002961.jpg,Gray
002962.jpg,Gray
002963.jpg,Blue
002964.jpg,Red
002965.jpg,Tan
002966.jpg,Gray
002967.jpg,White
002968.jpg,Tan
002969.jpg,Black
002970.jpg,Tan
002971.jpg,Gray
002972.jpg,Black
002973.jpg,Gray
002974.jpg,Black
002975.jpg,Gray
002976.jpg,White
002977.jpg,Gray
002978.jpg,Red
002979.jpg,Red
002980.jpg,White
002981.jpg,Red
002982.jpg,Tan
002983.jpg,Red
002984.jpg,Blue
002985.jpg,Red
002986.jpg,Red
002987.jpg,White
002988.jpg,Gray
002989.jpg,Tan
002990.jpg,Gray
002991.jpg,White
002992.jpg,Tan
002993.jpg,Gray
002994.jpg,Tan
002995.jpg,Tan
002996.jpg,Tan
002997.jpg,Blue
002998.jpg,White
002999.jpg,Tan
003000.jpg,Gray
