016185.jpg,Gray
016184.jpg,White
016183.jpg,Red
016182.jpg,Green
016181.jpg,Black
016180.jpg,Blue
016179.jpg,Black
016178.jpg,Red
016177.jpg,White
016176.jpg,Red
016175.jpg,White
016174.jpg,Silver
016173.jpg,Blue
016172.jpg,Black
016171.jpg,Silver
016170.jpg,Red
016169.jpg,Gray
016168.jpg,Silver
016167.jpg,Silver
016166.jpg,Red
016165.jpg,White
016164.jpg,Gray
016163.jpg,Green
016162.jpg,Blue
016161.jpg,White
016160.jpg,Black
016159.jpg,Silver
016158.jpg,Black
016157.jpg,Orange
016156.jpg,Silver
016155.jpg,Silver
016154.jpg,Blue
016153.jpg,Blue
016152.jpg,Green
016151.jpg,Silver
016150.jpg,Green
016149.jpg,Silver
016148.jpg,Orange
016147.jpg,Red
016146.jpg,Blue
016145.jpg,Red
016144.jpg,Black
016143.jpg,White
016142.jpg,White
016141.jpg,Blue
016140.jpg,Silver
016139.jpg,Blue
016138.jpg,Black
016137.jpg,Black
016136.jpg,Silver
016135.jpg,Silver
016134.jpg,Blue
016133.jpg,Black
016132.jpg,Blue
016131.jpg,Silver
016130.jpg,Red
016129.jpg,Silver
016128.jpg,Blue
016127.jpg,Orange
016126.jpg,Yellow
016125.jpg,Blue
016124.jpg,White
016123.jpg,Red
016122.jpg,Black
016121.jpg,Gray
016120.jpg,Silver
016119.jpg,Red
016118.jpg,White
016117.jpg,Blue
016116.jpg,Red
016115.jpg,White
016114.jpg,Black
016113.jpg,Silver
016112.jpg,Red
016111.jpg,Yellow
016110.jpg,Silver
016109.jpg,Blue
016108.jpg,White
016107.jpg,Blue
016106.jpg,White
016105.jpg,White
016104.jpg,Silver
016103.jpg,Black
016102.jpg,Silver
016101.jpg,Silver
016100.jpg,Black
016099.jpg,Gray
016098.jpg,Silver
016097.jpg,Silver
016096.jpg,Silver
016095.jpg,Blue
016094.jpg,White
016093.jpg,Brown
016092.jpg,Red
016091.jpg,Black
016090.jpg,Red
016089.jpg,Silver
016088.jpg,Silver
016087.jpg,Gray
016086.jpg,Black
016085.jpg,Blue
016084.jpg,Black
016083.jpg,Blue
016082.jpg,Red
016081.jpg,Brown
016080.jpg,Silver
016079.jpg,Silver
016078.jpg,Silver
016077.jpg,Black
016076.jpg,Gray
016075.jpg,Gray
016074.jpg,Red
016073.jpg,Silver
016072.jpg,Black
016071.jpg,Silver
016070.jpg,Silver
016069.jpg,Black
016068.jpg,Gray
016067.jpg,Black
016066.jpg,Gray
016065.jpg,Silver
016064.jpg,Blue
016063.jpg,Blue
016062.jpg,Silver
016061.jpg,Black
016060.jpg,Silver
016059.jpg,Silver
016058.jpg,Blue
016057.jpg,Red
016056.jpg,Gray
016055.jpg,Silver
016054.jpg,Black
016053.jpg,White
016052.jpg,Tan
016051.jpg,Silver
016050.jpg,Silver
016049.jpg,Silver
016048.jpg,Silver
016047.jpg,Black
016046.jpg,Gray
016045.jpg,Silver
016044.jpg,Black
016043.jpg,Gray
016042.jpg,Silver
016041.jpg,Black
016040.jpg,Black
016039.jpg,Gray
016038.jpg,Silver
016037.jpg,Silver
016036.jpg,Silver
016035.jpg,Silver
016034.jpg,Silver
016033.jpg,Silver
016032.jpg,Black
016031.jpg,Silver
016030.jpg,Red
016029.jpg,Silver
016028.jpg,Gray
016027.jpg,Black
016026.jpg,Silver
016025.jpg,Silver
016024.jpg,Red
016023.jpg,Gray
016022.jpg,Black
016021.jpg,Silver
016020.jpg,Black
016019.jpg,Black
016018.jpg,White
016017.jpg,Red
016016.jpg,Silver
016015.jpg,Gray
016014.jpg,Orange
016013.jpg,White
016012.jpg,Silver
016011.jpg,Black
016010.jpg,Tan
016009.jpg,Red
016008.jpg,Green
016007.jpg,Silver
016006.jpg,White
016005.jpg,Tan
016004.jpg,Blue
016003.jpg,Red
016002.jpg,Silver
016001.jpg,Red
016000.jpg,Red
015999.jpg,Black
015998.jpg,Silver
015997.jpg,Red
015996.jpg,Silver
015995.jpg,Blue
015994.jpg,White
015993.jpg,White
015992.jpg,Gray
015991.jpg,Blue
015990.jpg,Black
015989.jpg,Silver
015988.jpg,Tan
015987.jpg,Black
015986.jpg,White
015985.jpg,Gray
015984.jpg,Blue
015983.jpg,Blue
015982.jpg,Blue
015981.jpg,Silver
015980.jpg,Silver
015979.jpg,Silver
015978.jpg,Tan
015977.jpg,Blue
015976.jpg,Gray
015975.jpg,Silver
015974.jpg,Silver
015973.jpg,Blue
015972.jpg,Blue
015971.jpg,Tan
015970.jpg,Silver
015969.jpg,Red
015968.jpg,Silver
015967.jpg,White
015966.jpg,Silver
015965.jpg,Gray
015964.jpg,White
015963.jpg,Red
015962.jpg,Black
015961.jpg,Black
015960.jpg,Silver
015959.jpg,White
015958.jpg,Blue
015957.jpg,Silver
015956.jpg,Red
015955.jpg,Blue
015954.jpg,Blue
015953.jpg,White
015952.jpg,Black
015951.jpg,Red
015950.jpg,White
015949.jpg,White
015948.jpg,Black
015947.jpg,Red
015946.jpg,Blue
015945.jpg,Blue
015944.jpg,Black
015943.jpg,White
015942.jpg,Red
015941.jpg,Gray
015940.jpg,Black
015939.jpg,White
015938.jpg,Blue
015937.jpg,White
015936.jpg,Gray
015935.jpg,Silver
015934.jpg,Blue
015933.jpg,Red
015932.jpg,White
015931.jpg,Blue
015930.jpg,Red
015929.jpg,White
015928.jpg,Orange
015927.jpg,Silver
015926.jpg,Red
015925.jpg,Red
015924.jpg,Red
015923.jpg,Red
015922.jpg,Red
015921.jpg,Orange
015920.jpg,Red
015919.jpg,Red
015918.jpg,Blue
015917.jpg,Orange
015916.jpg,Orange
015915.jpg,Red
015914.jpg,Red
015913.jpg,Red
015912.jpg,Orange
015911.jpg,Orange
015910.jpg,Orange
015909.jpg,Red
015908.jpg,White
015907.jpg,Orange
015906.jpg,White
015905.jpg,Orange
015904.jpg,Orange
015903.jpg,Red
015902.jpg,Orange
015901.jpg,Orange
015900.jpg,Orange
015899.jpg,Red
015898.jpg,Black
015897.jpg,White
015896.jpg,Silver
015895.jpg,Orange
015894.jpg,Orange
015893.jpg,Red
015892.jpg,Red
015891.jpg,Orange
015890.jpg,Silver
015889.jpg,Orange
015888.jpg,Blue
015887.jpg,Orange
015886.jpg,Red
015885.jpg,Red
015884.jpg,Orange
015883.jpg,Red
015882.jpg,Orange
015881.jpg,Blue
015880.jpg,Red
015879.jpg,White
015878.jpg,White
015877.jpg,Blue
015876.jpg,White
015875.jpg,Silver
015874.jpg,Red
015873.jpg,White
015872.jpg,Red
015871.jpg,Red
015870.jpg,White
015869.jpg,Red
015868.jpg,Silver
015867.jpg,White
015866.jpg,Red
015865.jpg,Orange
015864.jpg,Red
015863.jpg,Red
015862.jpg,Orange
015861.jpg,White
015860.jpg,Red
015859.jpg,Orange
015858.jpg,Orange
015857.jpg,Silver
015856.jpg,Yellow
015855.jpg,Orange
015854.jpg,Silver
015853.jpg,Red
015852.jpg,Gray
015851.jpg,Brown
015850.jpg,Red
015849.jpg,White
015848.jpg,Orange
015847.jpg,Orange
015846.jpg,White
015845.jpg,White
015844.jpg,Black
015843.jpg,White
015842.jpg,Red
015841.jpg,White
015840.jpg,Red
015839.jpg,White
015838.jpg,White
015837.jpg,Red
015836.jpg,Silver
015835.jpg,Silver
015834.jpg,Gray
015833.jpg,White
015832.jpg,White
015831.jpg,Blue
015830.jpg,Red
015829.jpg,Gray
015828.jpg,White
015827.jpg,White
015826.jpg,Silver
015825.jpg,Silver
015824.jpg,Gray
015823.jpg,Red
015822.jpg,Silver
015821.jpg,Red
015820.jpg,Red
015819.jpg,Red
015818.jpg,Red
015817.jpg,Red
015816.jpg,White
015815.jpg,Black
015814.jpg,Silver
015813.jpg,Red
015812.jpg,White
015811.jpg,Red
015810.jpg,White
015809.jpg,White
015808.jpg,Black
015807.jpg,Gray
015806.jpg,Black
015805.jpg,White
015804.jpg,Red
015803.jpg,Blue
